english,indonesian
Rice,Nasi
Rice steamed,Nasi kukus
Rice tapai,Tapai beras
Rice flour raw,Tepung beras mentah
Red rice,Beras merah
Vermicelli raw,Bihun mentah
Vermicelli fried instant,Bihun goreng instan
Corn vermicelli raw,Bihun jagung mentah
Corn rice,Nasi jagung
Corn young boiled,Jagung muda rebus
Corn yellow flour,Tepung jagung kuning
Corn yellow shelled boiled,Jagung pipil kuning rebus
Corn white flour,Tepung jagung putih
Glutinous rice ketupat,Ketupat ketan
Glutinous rice black cooked,Ketan hitam masak
Glutinous rice black tapai,Tapai ketan hitam
Glutinous rice white cooked,Ketan putih masak
Glutinous rice white tapai,Tapai ketan putih
Cornstarch,Tepung maizena
Macaroni raw,Makaroni mentah
Noodle wet,Mie basah
Noodle dried,Mie kering
Misua,Misua
Bread white,Roti tawar putih
Wheat flour,Tepung terigu
Amparan tatak,Amparan tatak
Apang steamed kue,Kue apang kukus
Apem kue,Kue apem
Biscuits,Biskuit
Bakpia kue,Kue bakpia
Bakwan,Bakwan
Bantal,Bantal
Baruasa,Baruasa
Batar daan,Batar daan
Bika ambon,Bika ambon
Bingka,Bingka
Bobengka,Bobengka
Bolu peca,Bolu peca
Brem,Brem
Tinotuan porridge (Manado),Bubur tinotuan (Manado)
Tapai cake,Bolu tapai
Cangkuning,Cangkuning
Dodol bali,Dodol bali
Dodol galamai,Dodol galamai
Dodol kedondong,Dodol kedondong
Dodol manado,Dodol manado
Rice emping,Emping beras
Gemblong,Gemblong
Gendar fried,Gendar goreng
Rice crust fried,Kerak nasi goreng
Corn gerontol,Gerontol jagung
Corn titi,Jagung titi
Japilus,Japilus
Kakicak,Kakicak
Kambose,Kambose
Kapusa,Kapusa
Keddo bodong,Keddo bodong
Kelepon kue,Kue kelepon
Kereput,Kereput
Ketoprak,Ketoprak
Ketupat kandangan,Ketupat kandangan
Koya,Koya
Koya mirasa,Koya mirasa
Koyabu,Koyabu
Kue ali,Kue ali
Kue bangen,Kue bangen
Kue gelang,Kue gelang
Ginger cookie,Kue jahe
Coconut cookie,Kue kelapa
Kue koa,Kue koa
Kue ku temu,Kue ku temu
Kue lumpur,Kue lumpur
Kue pelita,Kue pelita
Kue putu cangkir,Kue putu cangkir
Eclairs,Kue sus
Kue thipan,Kue thipan
Laksa/Putu mayang,Laksa/Putu mayang
Lapis legit,Lapis legit
Glutinous rice lupis,Lupis ketan
Manan samin,Manan samin
Indian martabak,Martabak india
Egyptian martabak,Martabak mesir
Masekat,Masekat
Mie aceh boiled,Mie aceh rebus
Mie ayam,Mie ayam
Mie bakso,Mie bakso
Mie celon,Mie celon
Mie pangsit wet,Mie pangsit basah
Nasi gemuk,Nasi gemuk
Nasi gurih,Nasi gurih
Nasi minyak,Nasi minyak
Nasi rames,Nasi rames
Nopia special,Nopia spesial
Onde-onde,Onde-onde
Padamaran,Padamaran
Pastel,Pastel
Pulut,Pulut
Rice pundut,Pundut nasi
Putri selat,Putri selat
Putu sopa,Putu sopa
Renggi fried,Renggi goreng
Roti boong,Roti boong
Bun dark brown skin,Roti kulit coklat tua
Sarimuka,Sarimuka
Spaghetti,Spageti
Glutinous rice srikaya,Srikaya ketan
Sunduk lawang,Sunduk lawang
Suwir-suwir,Suwir-suwir
Tipa-tipa,Tipa-tipa
Wajit kue,Kue wajit
Widaran,Widaran
Wingko babat,Wingko babat
Yangko,Yangko
Rice milled raw,Beras giling mentah
Rice milled variant pelita raw,Beras giling varian pelita mentah
Rice milled variant rojolele raw,Beras giling varian rojolele mentah
Rice black raw,Beras hitam mentah
Corn rice yellow dried raw,Nasi jagung kuning kering mentah
Corn rice white dried raw,Nasi jagung putih kering mentah
Glutinous rice black mashed raw,Tepung ketan hitam mentah
Glutinous rice white mashed raw,Tepung ketan putih mentah
Field rice raw,Padi ladang mentah
Small broken rice raw,Beras menir mentah
Rice parboiled,Beras pratanak
Rice mashed raw,Tepung beras mentah
Rice red mashed raw,Tepung beras merah mentah
Sorghum raw,Sorgum mentah
Baby corn yellow raw,Jagung putren kuning mentah
Corn yellow shelled dried raw,Jagung pipil kuning kering mentah
Corn shelled variant harapan dried,Jagung pipil varian harapan kering
Corn shelled variant metro dried,Jagung pipil varian metro kering
Barley raw,Jelai mentah
Millet raw,Jali mentah
Jampang huma raw,Jampang huma mentah
Batatas coconut tubers grilled,Ubi kelapa bakar
Batatas coconut tubers steamed,Ubi kelapa kukus
Batatas tali tubers boiled,Ubi tali rebus
Belitung taro steamed,Talas belitung kukus
Bentul taro steamed,Talas bentul kukus
Gadung yam steamed,Ubi gadung kukus
Ganyong boiled,Ganyong rebus
Cassava steamed,Singkong kukus
Elephant foot yam steamed,Suweg kukus
Taro steamed,Talas kukus
Sweet potato yellow steamed,Ubi jalar kuning kukus
Chinese yam steamed,Ubi cina kukus
Bagea coconut savory,Bagea kelapa gurih
Bagea coconut sweet,Bagea kelapa manis
Bagea pili nut savory,Bagea kenari gurih
Bagea pili nut sweet,Bagea kenari manis
Bagea quality 1,Bagea kualitas 1
Bagea quality 2,Bagea kualitas 2
Rice "Cerdas",Nasi "Cerdas"
Rice ganyong,Nasi ganyong
Rice siger,Nasi siger
Jackfruit/snakefruit seeds,Biji nangka/salak
Sago porridge,Bubur sagu
Cassavastick,Stik singkong
Cassava ceriping getuk,Ceriping getuk singkong
Gatot,Gatot
Geblek,Geblek
Getuk fried,Getuk goreng
Cassava getuk,Getuk singkong
Gurandil,Gurandil
Kabuto,Kabuto
Kapurung,Kapurung
Cassava kecimpring fried,Kecimpring singkong goreng
Keremes,Keremes
Gadung chips,Keripik gadung
Potato chips,Keripik kentang
Cassava chips,Keripik singkong
Cassava chips seasoned,Keripik singkong berbumbu
Sweet potato chips,Keripik ubi jalar
Squid chips fried,Keripik cumi goreng
Kemplang  (fish) chips raw,Kerupuk kemplang (ikan) mentah
Kemplang chips fried,Kerupuk kemplang goreng
Kemplang chips roasted,Kerupuk kemplang panggang
Yellow noodle chips fried,Keripik mie kuning goreng
Shrimp chips fried,Kerupuk udang goreng
Bangket kue,Kue bangket
Putu singkong kue,Kue putu singkong
Lanting getuk,Lanting getuk
Noodle golosor,Mie golosor
Noodle bendo,Mie bendo
Noodle sago,Mie sagu
Sago ongol-ongol,Ongol-ongol sagu
Oyek,Oyek
Papeda,Papeda
Rasbi (Sweet potato rice),Rasbi (Nasi ubi jalar)
Rasi (Cassava rice),Rasi (Nasi singkong)
Forno sago,Sagu forno
Sagu lemak (Kue Sagon),Sagu lemak (Kue Sagon)
Sweet sago,Sagu manis
Sagu rendang,Sagu rendang
Sinole sago,Sinole sagu
Taro serimping from Kebumen,Serimping talas dari Kebumen
Cassava tapai,Tapai singkong
Arrowroot flour,Tepung garut
Ganyong flour,Tepung ganyong
Cassava sliced dried flour,Tepung gaplek
Potato flour dried,Tepung kentang kering
Mocaf (Modified cassava flour),Tepung mocaf
Giant taro flour,Tepung talas kimpul
Tapioca flour,Tepung tapioka
Taro Beneng flour,Tepung talas beneng
Sweet potato purple flour,Tepung ubi ungu
Tiwul,Tiwul
Tiwul instant,Tiwul instan
Sweet potato Cilembu,Ubi Cilembu
Uli batatas,Uli ubi
Arrowroot fresh,Garut segar
Batatas lesser yam fresh,Ubi gembili segar
Batatas coconut tubers fresh,Umbi ubi kelapa segar
Belitung taro fresh,Talas belitung segar
Jicama fresh,Bengkuang segar
Bentul (Komba)  taro fresh,Talas bentul (komba) segar
Gadeng/Gadung dried,Gadung kering
Gadung yam fresh,Ubi gadung segar
Ganyong fresh,Ganyong segar
Lesser yam tuber fresh,Umbi gembili segar
Hofa/wild tuber fresh,Umbi hofa/liar segar
Kaburan tuber fresh,Umbi kaburan segar
Potato fresh,Kentang segar
Potato shetland black fresh,Kentang hitam shetland segar
Keribang tuber fresh,Umbi keribang segar
Cassava fresh,Singkong segar
Lepok/Nut-grass tuber,Umbi lepok/teki
Sago aren dried,Sagu aren kering
Sago aren fresh,Sagu aren segar
Sago kasbi fresh,Sagu kasbi segar
Sago lempeng,Sagu lempeng
Sago cassava dried,Sagu singkong kering
Giant taro taro fresh,Talas kimpul segar
Elephant foot yam fresh,Suweg segar
Taro fresh,Talas segar
Taro Pontianak fresh,Talas pontianak segar
Taro viqueque fresh,Talas viqueque segar
Sweet potato yellow fresh,Ubi jalar kuning segar
Sweet potato fresh,Ubi jalar segar
Sweet potato red fresh,Ubi jalar merah segar
Sweet potato white fresh,Ubi jalar putih segar
Chinese yam,Ubi cina
Purple yam fresh,Ubi ungu segar
Winged bean boiled,Kecipir rebus
Bambara groundnut fried,Kacang bogor goreng
Bambara groundnut boiled,Kacang bogor rebus
Pigeon pea boiled,Kacang gude rebus
Mungbean boiled,Kacang hijau rebus
Soybean fried,Kedelai goreng
Soybean boiled,Kedelai rebus
Kidney bean dried boiled,Kacang merah kering rebus
Kidney bean fresh boiled,Kacang merah segar rebus
Cashew nut fried,Kacang mete goreng
Peanut boiled with shells,Kacang tanah rebus dengan kulit
Peanut fried,Kacang tanah goreng
Peanut boiled,Kacang tanah rebus
Black-eyed pea boiled,Kacang tunggak rebus
Mungbean dregs,Ampas kacang hijau
Tofu dregs raw,Ampas tahu mentah
Tofu dregs steamed,Ampas tahu kukus
Tofu dregs dried,Ampas tahu kering
Tofu dregs oncom pepes,Pepes oncom ampas tahu
Rubber seeds bungkil,Bungkil biji karet
Peanut bungkil,Bungkil kacang tanah
Coconut bungkil,Bungkil kelapa
Dodol (taffy) banjarmasin,Dodol banjarmasin
Emping (melinjo chips),Emping melinjo
Hyacinth bean emping,Emping koro
Enting-enting gepuk brand hello kity,Enting-enting gepuk merek hello kity
Enting-enting gepuk peanut,Enting-enting gepuk kacang
Enting-enting sesame,Enting-enting wijen
Geplak,Geplak
Geplak jahe (Ginger taffy),Geplak jahe
Kacang atom,Kacang atom
Kacang goyang,Kacang goyang
Kacang negara,Kacang negara
Kacang sukro,Kacang sukro
Kacang tanah sari,Kacang tanah sari
Peanut butter,Selai kacang
Beancurd,Kembang tahu
Beancurd steamed,Kembang tahu kukus
Oncom chips,Keripik oncom
Tempeh chips,Keripik tempe
Tempeh chips brand abadi large size,Keripik tempe merek abadi ukuran besar
Tempeh chips brand abadi original,Keripik tempe merek abadi original
Tempeh chips brand abadi medium size,Keripik tempe merek abadi ukuran sedang
Tempeh chips brand abadi with egg,Keripik tempe merek abadi dengan telur
Tempeh chips brand abadi prime quality,Keripik tempe merek abadi kualitas utama
Kwaci (dried sunflower seeds),Kwaci (biji bunga matahari kering)
Melinjo emping thick fried sweet,Emping melinjo tebal goreng manis
Melinjo emping thick fried savory,Emping melinjo tebal goreng gurih
Melinjo emping thin fried,Emping melinjo tipis goreng
Moon tofu,Tahu bulan
Oncom,Oncom
Oncom mungbean dregs,Oncom ampas kacang hijau
Oncom mungbean + cassava,Oncom kacang hijau + singkong
Oncom peanut pepes,Pepes oncom kacang
Rempeyek with peanut,Rempeyek kacang tanah
Rempeyek with black-eyed pea,Rempeyek kacang tunggak
Rempeyek with ricebean,Rempeyek kacang uci
Sayur lebui,Sayur lebui
Soybean milk powder,Susu kedelai bubuk
Soybean milk,Susu kedelai
Tofu uncooked,Tahu mentah
Tofu fried,Tahu goreng
Egg tofu,Tahu telur
Takwa,Takwa
Tauco,Tauco
Tauco brand beruang cake,Tauco merek beruang (kue)
Tauco brand DAS cake,Tauco merek DAS (kue)
Tauco brand meong,Tauco merek meong
Tauji brand singa,Tauji merek singa
Tempeh bongkrek,Tempe bongkrek
Tempeh gembus P3G,Tempe gembus P3G
Tempeh gembus yogya,Tempe gembus yogya
Tempeh velvet bean,Tempe koro benguk
Tempeh winged bean,Tempe kecipir
Tempeh soybean + corn,Tempe kedelai + jagung
Tempeh pure soybean fried,Tempe kedelai murni goreng
Tempeh pure soybean uncooked,Tempe kedelai murni mentah
Tempeh hyacinth bean benguk,Tempe koro benguk
Tempeh river tamarind,Tempe lamtoro
Tempeh river tamarind variant gung with skin,Tempe lamtoro varian gung dengan kulit
Tempeh river tamarind variant gung without skin,Tempe lamtoro varian gung tanpa kulit
Tempeh sold in market,Tempe pasaran
Tempeh sold in market fried,Tempe pasaran goreng
Hunkwe flour (Mungbean starch),Tepung hunkwe
Jalejo flour,Tepung jalejo
Soybean flour,Tepung kedelai
Chickpea dried,Kacang arab kering
Velvet bean dried,Koro benguk kering
Winged bean dried,Kecipir kering
Castor bean fresh,Biji jarak segar
Bambara groundnut dried,Kacang bogor kering
Bambara groundnut fresh,Kacang bogor segar
Ricebean seeds dried,Biji kacang uci kering
Green pea fresh,Kacang polong segar
Galing nut fresh,Kacang galing segar
Pigeon pea seeds dried,Biji kacang gude kering
Pigeon pea seeds fresh,Biji kacang gude segar
Mungbean variant bakti dried,Kacang hijau varian bakti kering
Mungbean variant siwalik dried,Kacang hijau varian siwalik kering
Mungbean dried,Kacang hijau kering
Black soybean dried,Kedelai hitam kering
Edible-podded pea fresh,Kapri segar
Soybean dried,Kedelai kering
Soybean fresh,Kedelai segar
Kincai nut dried,Kacang kincai kering
Hyacinth bean fresh,Koro segar
Lentils yellow dried,Lentil kuning kering
Pigeon pea dried,Kacang gude kering
Butter nut dried,Kacang mentega kering
Kidney bean (Banda) dried,Kacang merah (Banda) kering
Kidney bean dark red dried,Kacang merah tua kering
Kidney bean dried,Kacang merah kering
Kidney bean fresh,Kacang merah segar
Cashew nut fresh,Kacang mete segar
Yardlong bean seeds dried,Biji kacang panjang kering
Peanut seeds,Biji kacang tanah
Peanut seeds without husk,Biji kacang tanah tanpa kulit ari
Peanut dried,Kacang tanah kering
Black-eyed pea dried,Kacang tunggak kering
Pigeon pea dried,Kacang gude kering
Ricebean dried,Kacang uci kering
Urei nut dried,Kacang urei kering
Pili nut (Banda) dried,Kacang kenari (Banda) kering
Pili nut dried,Kacang kenari kering
Hyacinth bean pod fresh,Polong koro segar
Hyacinth bean andong dried,Koro andong kering
Hyacinth bean benguk seeds dried,Biji koro benguk kering
Hyacinth bean kerupuk seeds fresh,Biji koro kerupuk segar
Hyacinth bean loke seeds fresh,Biji koro loke segar
Hyacinth bean roay dried,Koro roay kering
Hyacinth bean wedus seeds dried,Biji koro wedus kering
River tamarind seeds young fresh,Biji lamtoro muda segar
River tamarind seeds old fresh,Biji lamtoro tua segar
River tamarind variant gung without skin,Lamtoro varian gung tanpa kulit
River tamarind variant local with skin,Lamtoro varian lokal dengan kulit
Jackfruit seeds fresh,Biji nangka segar
Red saga peeled raw,Saga merah kupas mentah
Sesame raw,Wijen mentah
Spinach steamed,Bayam kukus
Spinach boiled,Bayam rebus
Bean boiled,Buncis rebus
long beans leaves boiled,Daun kacang panjang rebus
Sweet leaves boiled,Daun katuk rebus
Moringa leaves boiled,Daun kelor rebus
Indian mulberry steamed,Daun mengkudu kukus
Cassava leaves boiled,Daun singkong rebus
Taro leaves boiled,Daun talas rebus
Red sweet potato steamed,Ubi jalar merah kukus
Yardlong beans steamed,Kacang panjang kukus
Yardlong beans boiled,Kacang panjang rebus
Water spinach steamed,Kangkung kukus
Water spinach boiled,Kangkung rebus
White bitter melon steamed,Pare putih kukus
Lettuce boiled,Selada rebus
Sprouts fried,Tauge goreng
Sprouts brewed,Tauge seduh
Long eggpalnt steamed,Terong panjang kukus
Carrot boiled,Wortel rebus
Carrot steamed,Wortel kukus
Bogor pickled vegetables,Asinan bogor
Anyang vegetables,Sayur anyang
Ares vegetables,Sayur ares
Arwan sisir,Arwan sisir
Beberuk,Beberuk
Lamtoro wrapped in banana leaves,Botok lamtoro
Taro wrapped in banana leaves,Botok talas
Cammetutu,Cammetutu
Cap cai vegetables,Capcai sayur
Gado-gado,Gado-gado
Gudeg vegetables,Sayur gudeg
Fern curry,Gulai pakis
Pliek curry,Gulai pliek
Kadada katembe,Kadada katembe
Kaparende vegetables,Sayur kaparende
Karedok vegetables,Karedok
Spinach chips,Keripik bayam
Kotiu hinela tawang nggole,Kotiu hinela tawang nggole
Lema/ Bamboo shoots sour,Lema/ Rebung asam
Lilin bungkus gedi,Lilin bungkus gedi
Olah-olah,Olah-olah
Paku hinela wulelenggapaya,Paku hinela wulelenggapaya
Water spinach pelecing,Pelecing kangkung
Purundawa,Purundawa
Rujak cingur,Rujak cingur
Sour soup,Sayur asam
Papaya flower soup,Sayur bunga pepaya
Garu soup,Sayur garu
Kohu-kohu soup,Sayur kohu-kohu
Terubuk candle soup,Sayur lilin terubuk
Ndusuk soup,Sayur ndusuk
Soup,Sup
Coconut umbut soup,Sayur umbut kelapa
Rattan umbut soup,Sayur umbut rotan
Shabu-shabu,Shabu-shabu
Jengkol stew,Semur jengkol
Tinira ninahu nggaluku,Tinira ninahu nggaluku
Sauted spinach with coconut milk,Tumis bayam santan
Balamak pumpkin,Balamak labu
Woku sweet potato,Woku ubi
Lotus root fresh,Akar teratai segar
Bean sprouts fresh,Tauge segar
Andaliman fresh,Andaliman segar
Endive fresh,Andewi segar
Welsh onion fresh,Bawang daun segar
Ash gourd fresh,Beligo segar
Onion fresh,Bawang bombay segar
Spinach fresh,Bayam segar
Red spinach fresh,Bayam merah segar
Beets fresh,Bit segar
Moringa fruit,Buah kelor
Red fruit,Buah merah
Bean fresh,Buncis segar
Papaya flower fresh,Bunga pepaya segar
Vegetable-hummingbird flower fresh,Bunga turi segar
Choy sum fresh,Caisim segar
Mexican mint fresh,Daun bangun-bangun segar
Shallot leaf fresh,Daun bawang segar
Premna leaves fresh,Daun bebuas segar
Belem leaf fresh,Daun belem segar
Indian camphorweed leaves,Daun beluntas segar
Gandiaria leaves fresh,Daun gandaria segar
Sunset hibiscus big fresh,Daun gedi besar segar
Sunset hibiscus small fresh,Daun gedi kecil segar
Common purslane leaves fresh,Daun krokot segar
Bali goseweed leaves fresh,Daun jembak bali segar
Serang goseweed leaves fresh,Daun jembak serang segar
Chasew leaves unripe fresh,Daun jipang muda segar
Indian goosegrass leaves,Daun kaki kuda segar
Jawaw leaf seluang fresh,Daun jawaw seluang segar
Lilac tasselflower leaves fresh,Daun jombang segar
Chinese Motherwort leaves fresh,Daun laba-laba segar
Yardlong beans leaves fresh,Daun kacang panjang segar
Ceara rubber leaves fresh,Daun karet kebo segar
Sweet leaves fresh,Daun katuk segar
Winged bean fresh,Kecipir segar
Ambarella leaves fresh,Daun kedondong segar
Moringa leaves fresh,Daun kelor segar
Kemang leaves fresh,Daun kemang segar
Cosmos leaves fresh,Daun kenikir segar
Vietnamese coriander leaves fresh,Daun kesum segar
Indian mustard leaves fresh,Daun sawi india segar
Koro leaves fresh,Daun koro segar
Cabbage leaves fresh,Daun kubis segar
Hyacinth bean leaves fresh,Daun lablab segar
Chayote leaves fresh,Daun labu siam segar
Pumpkin leaves fresh,Daun labu kuning segar
White leadtree leaves fresh,Daun lamtoro segar
Leilem leaves fresh,Daun leilem segar
American black nightshade leaves fresh,Daun leunca segar
Radish leaves fresh,Daun lobak segar
Taro leaves fresh,Daun talas segar
Shield aralia leaves fresh,Daun mangkokan segar
Ambon matel leaves fresh,Daun matel ambon segar
Bago leaves fresh,Daun melinjo segar
Indian mulberry leaves fresh,Daun mengkudu segar
Ndusuk leaves fresh,Daun ndusuk segar
Angled loofah leaves fresh,Daun oyong segar
Fern leaves fresh,Daun pakis segar
Longgiho fern leaves fresh,Daun pakis longgiho segar
Wambateu fern leaves fresh,Daun pakis wambateu segar
Vegetable fern fresh,Pakis sayur segar
Football fruit leaves fresh,Daun parea segar
Bitter melon leaves fresh,Daun pare segar
Papaya leaves fresh,Daun pepaya segar
Pilea leaves fresh,Daun pilea segar
Basil leaves fresh,Daun ruku-ruku segar
Water clover leaves fresh,Daun semanggi segar
Dillenia leaves fresh,Daun simpoh segar
Singkil leaves fresh,Daun singkil segar
Cassava leavesfresh,Daun singkong segar
Ambon cassave leaves fresh,Daun singkong ambon segar
Ampenan cassava leaves fresh,Daun singkong ampenan segar
Kopang cassava leaves fresh,Daun singkong kopang segar
Tropical burnweed leaves fresh,Daun sonti segar
Taro leaves fresh,Daun talas segar
Water celery leaves fresh,Daun tespong segar
Yellow sweet potato leaves fresh,Daun ubi jalar kuning segar
Red sweet potato leaves fresh,Daun ubi jalar merah segar
White sweet potato leaves fresh,Daun ubi jalar putih segar
Purple sweet potato leaves fresh,Daun ubi jalar ungu segar
Water hyacinth fresh,Eceng gondok segar
Angled loofah fresh,Oyong segar
Yellow bur head fresh,Genjer segar
Maize unripe fresh,Jagung muda segar
Encik mushroom,Jamur encik
Wood ear dried,Jamur kuping kering
Wood ear fresh,Jamur kuping segar
Straw mushroom fresh,Jamur merang segar
Oyster mushroom fresh,Jamur tiram segar
Sago mushroom,Jamur sagu
Banana flower fresh,Jantung pisang segar
Djenkol fresh,Jengkol segar
Panicled Spot Flower,Jotang
Indonesian kabau fresh,Kabau segar
Mecca bean peas fresh,Kacang buncis mekah segar
Yardlong bean fresh,Kacang panjang segar
Ranti peas beans,Kacang ranti
Kalakai fresh,Kalakai segar
Water spinach,Kangkung
Tondano water spinach,Kangkung tondano
Edible-podded pea unripe fresh,Kapri muda segar
Bitter gourd,Pare
Winged bean unripe fresh,Kecipir muda segar
Torch ginger fresh,Kecombrang segar
Breadfruit fresh,Keluwih segar
Vegetable-hummingbird flower fresh,Bunga turi segar
Little hogweed fresh,Kembung segar
Cucumber fresh,Timun segar
Cucumber (krai) fresh,Timun krai segar
Madura cucumber fresh,Timun madura segar
Hyacinth bean,Koro
Cauli flower fresh,Kembang kol segar
Red cabbage cabbage,Kubis merah
Koro crackers pods,Polong kerupuk koro
Hyacinth bean seeds dried,Biji koro kering
Garlic chieves fresh,Kucai segar
Garlic chieves unripe fresh,Kucai muda segar
Bago rind fresh,Kulit melinjo segar
Wax gourd fresh,Kundur segar
Calabash fresh,Labu air segar
Pumpkin yellow fresh,Labu kuning segar
Chayote fresh,Labu siam segar
Squash fresh,Labu siam segar
Lantar fresh,Lantar segar
Radish fresh,Lobak segar
Black nighshade fresh,Leunca segar
Bago fresh,Melinjo segar
Mustard Greens,Sawi hijau
Jackfruit unripe fresh,Nangka muda segar
White bitter melon fresh,Pare putih segar
Snake gourd fresh,Pare ular segar
Papaya unripe fresh,Pepaya muda segar
Bitter (petai) bean fresh,Petai segar
Parsley fresh,Peterseli segar
Black nighshade leaves fresh,Daun leunca segar
Shameplant,Putri malu
Bamboo shoot fresh,Rebung segar
Turkey berry fresh,Takokak segar
Seaweed,Rumput laut
Mustard greens fresh,Sawi segar
Napa cabbage fresh,Sawi putih segar
Taiwan mustard greens fresh,Sawi taiwan segar
Mustard greens fresh,Sawi hijau segar
Lettuce fresh,Selada segar
Watercress fresh,Selada air segar
Celery fresh,Seledri segar
Bean sprouts fresh,Tauge segar
Sprouts of soybean fresh,Tauge kedelai segar
Sprouts of blackeyed pea fresh,Tauge kacang tunggak segar
Ratoon sugarcane fresh,Tebu ratun segar
Pea eggplants fresh,Terong pipit segar
Pea eggplants dried,Terong pipit kering
Eggplant fresh,Terong segar
Sour eggplant fresh,Terong asam segar
Dutch eggplant fresh,Terong belanda segar
Bengkulu eggplant fresh,Terong bengkulu segar
Hintaro eggplant fresh,Terong hintaro segar
Long eggplant,Terong panjang
Tomato juice fresh,Jus tomat segar
Red tomato fresh,Tomat merah segar
Green tomato fresh,Tomat hijau segar
Uceng/ bago flower fresh,Bunga uceng/melinjo segar
Coconut umbut fresh,Umbut kelapa segar
Rattan unripe shoot,Pucuk rotan muda
Carrot fresh,Wortel segar
Barongko,Barongko
Pineapple dodol,Dodol nanas
Getuk pisang,Getuk pisang
Lampung cracker,Kerupuk lampung
Ledre pisang,Ledre pisang
Lempog durian,Lempog durian
Loka anjoro,Loka anjoro
Rica-rica taipa,Rica-rica taipa
Rujak aceh,Rujak aceh
Dried persimmon,Kesemek kering
Dried banana,Pisang kering
Dried banana cilacap,Pisang sale cilacap
Sanggara belanda,Sanggara belanda
Banana flour,Tepung pisang
Breadfruit flour,Tepung sukun
Avocado fresh,Alpukat segar
Wild grape fresh,Anggur liar segar
Malang apple fresh,Apel malang segar
Apple fresh,Apel segar
Raspberry fresh,Arbei segar
Starfruit fresh,Belimbing segar
Loquat fresh,Biwa segar
Parinari fresh,Buah balam segar
Kelenting fruit fresh,Buah kelenting segar
Indian jujube fresh,Buah bidara segar
Velvet apple fresh,Buah bisbul segar
Red dragon fruit fresh,Buah naga merah segar
White dragon fruit fresh,Buah naga putih segar
Passion fruit fresh,Buah markisa segar
Wild sweetsop fresh,Buah srikaya liar segar
Asam paya fresh,Asam paya segar
Indian plum fresh,Buah rukem segar
Ruruhi fruit (Syzygium polycephalum Merr) fresh,Buah ruruhi segar
Tuppa fruit fresh,Buah tuppa segar
Papaya fresh,Pepaya segar
Cempedak (Artocarpus integer) fresh,Cempedak segar
Langsat fresh,Langsat segar
Durian fresh,Durian segar
Java plum fresh,Jamblang segar
Saipan mango fresh,Mangga saipan segar
Tamarillo fresh,Terong belanda segar
Granadilla fresh,Markisa segar
Ripe plum mango,Mangga gandaria matang
Tahitian chestnut fresh,Kacang tahiti segar
Water apple fresh,Jambu air segar
Guava,Jambu biji
Common guava,Jambu biji biasa
Malay apple fresh,Jambu bol segar
Cashew apple fresh,Jambu mete segar
Pomelo fresh,Jeruk bali segar
Tangerine fresh,Jeruk keprok segar
Mandarin orange,Jeruk mandarin
Calamansi fresh,Jeruk kasturi segar
Sweet orange fresh,Jeruk manis segar
Lime fresh,Jeruk nipis segar
Ragi orange fresh,Jeruk ragi segar
Wood apple fresh,Kawista segar
Ripe ambarella fresh,Kedondong matang segar
Unripe ambarella fresh,Kedondong muda segar
Woromo dried,Woromo kering
Young coconut meat fresh,Daging kelapa muda segar
Kemang fresh,Kemang segar
Persimmon fresh,Kesemek segar
Langsat fresh,Duku segar
Manila tamarind fresh,Asam jawa manila segar
Langsat fresh,Langsat segar
Lemon fresh,Lemon segar
Ice apple fresh,Lontar segar
Mango fresh,Mangga segar
Brazilian mango fresh,Mangga brazil segar
Gedung mango fresh,Mangga gedung segar
Cedar bay mango fresh,Mangga teluk cedar segar
Harumanis/arumanis mangofresh,Mangga arumanis segar
Indramayu mango fresh,Mangga indramayu segar
Kopek mangofresh,Mangga kopek segar
Kweni mango fresh,Mangga kweni segar
Manalagi mango fresh,Mangga manalagi segar
Unripe mango fresh,Mangga muda segar
Mangosteen fresh,Manggis segar
Granadilla fresh,Markisa segar
Matoa fresh,Matoa segar
Melon fresh,Melon segar
Menteng fresh,Menteng segar
Palembang pineapple fresh,Nanas palembang segar
Pineapple fresh,Nanas segar
Tree-ripe jackfruit fresh,Nangka matang pohon segar
Nutmeg meat fresh,Daging pala segar
Papaya fresh,Pepaya segar
Ambon banana fresh,Pisang ambon segar
Angleng banana (ampyang banana) fresh,Pisang angleng (pisang ampyang) segar
Ayam banana fresh,Pisang ayam segar
Gapi banana fresh,Pisang gapi segar
Goroho banana fresh,Pisang goroho segar
Green Banana  fresh,Pisang hijau segar
Cooking plantain fresh,Pisang olah segar
Saba banana fresh,Pisang kepok segar
Ketip banana fresh,Pisang ketip segar
Red banana fresh,Pisang merah segar
Senorita banana fresh,Pisang senorita segar
Mas bali ampenan banana fresh,Pisang mas bali ampenan segar
Mas bali kopang banana fresh,Pisang mas bali kopang segar
Lady finger banana fresh,Pisang mas segar
Latundan banana fresh,Pisang raja sereh segar
Plantain fresh,Pisang tanduk segar
Rattan banana fresh,Pisang rotan segar
Taro banana fresh,Pisang talas segar
Tujuh bulan banana,Pisang tujuh bulan
Ua banana fresh,Pisang ua segar
Uli banana fresh,Pisang uli segar
Keffir lime fresh,Jeruk purut segar
Rambutan binjai fresh,Rambutan binjai segar
Rambutan fresh,Rambutan segar
Salak bali fresh,Salak bali segar
Salak medan fresh,Salak medan segar
Salak pondoh fresh,Salak pondoh segar
Salak (snake fruit) fresh,Salak segar
Star apple fresh,Sawo duren segar
Caqui fresh,Kesemek segar
Sapodilla fresh,Sawo segar
Watermelon fresh,Semangka segar
Soursop fresh,Sirsak segar
Sowa fresh,Sowa segar
Sugar apple fresh,Srikaya segar
Unripe breadfruit fresh,Sukun muda segar
Ripe breadfruit fresh,Sukun matang segar
Vigus fresh,Vigus segar
Wani fresh,Wani segar
Chicken gizzard fried,Ampela ayam goreng
Chicken intestine fried,Usus ayam goreng
Duck meat fried,Daging bebek goreng
Crocodile meat jerked meat raw,Dendeng daging buaya mentah
Ham,Ham
Duck (alabio) meat jerked meat raw,Dendeng daging itik (alabio) mentah
Kerupuk urat,Kerupuk urat
Menjangan meat jerked meat raw,Dendeng daging menjangan mentah
Pigeon meat fried,Daging merpati goreng
Deer meat jerked meat raw,Dendeng daging rusa mentah
Beef shredded,Abon sapi
Beef shredded original,Abon sapi original
Beef meat smoked,Daging sapi asap
Beef meat jerked meat raw,Dendeng daging sapi mentah
Beef meat corned,Kornet sapi
Beef meat worst,Sosis daging sapi
Beef liverworst,Sosis hati sapi
Beef lung jerked meat raw,Dendeng paru sapi mentah
Beef lung fried,Paru sapi goreng
Sago caterpillar roasted,Ulat sagu panggang
Church's texas fried chicken breast,Dada ayam goreng Church's Texas
Church's texas fried chicken thigh,Paha ayam goreng Church's Texas
Church's texas fried chicken wings,Sayap ayam goreng Church's Texas
Kalasan fried chicken thigh,Paha ayam goreng Kalasan
Kentucky fried chicken breast,Dada ayam goreng Kentucky
Kentucky fried chicken thigh,Paha ayam goreng Kentucky
Kentucky fried chicken wings,Sayap ayam goreng Kentucky
Mbok Berek Fried chicken breast,Dada ayam goreng Mbok Berek
Pasundan fried chicken breast,Dada ayam goreng Pasundan
Pasundan fried chicken thigh,Paha ayam goreng Pasundan
Pioneer fried chicken breast,Dada ayam goreng Pioneer
Sukabumi fried chicken breast,Dada ayam goreng Sukabumi
Sukabumi fried chicken thigh,Paha ayam goreng Sukabumi
Taliwang chicken dish,Masakan ayam Taliwang
Wild boar rica dish,Masakan rica babi hutan
Beef burger,Burger sapi
Beef teriyaki dish,Masakan teriyaki sapi
Beef yakiniku dish,Masakan yakiniku sapi
Brongkos,Brongkos
Bulgogi dish,Masakan bulgogi
Chicken teriyaki dish,Masakan teriyaki ayam
Chikiniku dish,Masakan chikiniku
Coto mangkasara horse dish,Coto mangkasara kuda
Coto mangkasara beef dish,Coto mangkasara sapi
Djibokum dish,Masakan djibokum
Empal (meat) Fried dish,Masakan empal goreng
Goat curry,Kari kambing
Jangang bintatoeng dish,Masakan jangang bintatoeng
Kalio chicken dish,Kalio ayam
Kalio offal dish,Kalio jeroan
Kalio kikil (tunjang) dish,Kalio kikil (tunjang)
Kalio brain dish,Kalio otak
Pork Lawar dish,Lawar babi
Turtle Lawar dish,Lawar penyu
Lawara jangang dish,Lawara jangang
Naan maran cow dish,Masakan naan maran sapi
Nasu likku dish,Nasu likku
Oramu ninahu ndawa olaho dish,Oramu ninahu ndawa olaho
Paniki cooked with coconut milk dish,Paniki masak santan
Pelolah manuk dish,Pelolah manuk
Rawon dish,Rawon
Beef Rendang dish,Rendang sapi
RW dog dish,Masakan RW (anjing)
Satay turtle dish,Sate penyu
Pusut satay dish,Sate pusut
Penyu serapah masakan,Masakan serapah penyu
Sie reuboh dish,Sie reuboh
Oxtail soup dish,Sup buntut
Beef soup dish,Sup daging sapi
Beef leg soup dish,Sup kaki sapi
Goat soup dish,Sup kambing
Konro soup dish,Sup konro
Saudara soup dish,Sup saudara
Soto bandung dish,Soto bandung
Soto banjar dish,Soto banjar
Soto betawi dish,Soto betawi
Offal soto dish,Soto jeroan
Soto kudus masakan,Masakan soto kudus
Soto madura dish,Soto madura
Soto padang dish,Soto padang
Soto pekalongan dish,Soto pekalongan
Soto pemalang dish,Soto pemalang
Soto sukaraja dish,Soto sukaraja
Soto sulung dish,Soto sulung
Sukiyaki dish,Sukiyaki
Tedong pallu basa dish,Tedong pallu basa
Rat rica dish,Rica tikus
Tinoransa dish,Tinoransa
Veal meat fat fresh,Daging sapi muda berlemak segar
Veal meat lean fresh,Daging sapi muda tanpa lemak segar
Veal meat medium fat fresh,Daging sapi muda sedang lemak segar
Goose meat fresh,Daging angsa segar
Chicken meat fresh,Daging ayam segar
Chicken black pudding/blood fresh,Darah ayam segar
Chicken liver fresh,Hati ayam segar
Pork meat fat fresh,Daging babi berlemak segar
Pork meat lean fresh,Daging babi tanpa lemak segar
Pork kidney fresh,Ginjal babi segar
Pork liver fresh,Hati babi segar
Duck meat fresh,Daging bebek segar
Duck (alabio) meat fresh,Daging itik (alabio) segar
Whistling duck meat fresh,Daging belibis segar
Birds nests fresh,Sarang burung segar
Lamb meat fat fresh,Daging domba berlemak segar
Lamb meat lean fresh,Daging domba tanpa lemak segar
Lamb kidney fresh,Ginjal domba segar
Goat meat fresh,Daging kambing segar
Rabbit meat fresh,Daging kelinci segar
Buffalo meat fresh,Daging kerbau segar
Horse meat fresh,Daging kuda segar
Beef tripe (babat) fresh,Babat sapi segar
Beef meat fat fresh,Daging sapi berlemak segar
Beef meat laen fresh,Daging sapi tanpa lemak segar
Beef meat medium fat fresh,Daging sapi sedang lemak segar
Beef offal fresh,Jeroan sapi segar
Beef black pudding/ blood,Darah sapi segar
Beef kidney fresh,Ginjal sapi segar
Beef tripe fresh,Babat sapi segar
Beef liver fresh,Hati sapi segar
Beef brain fresh,Otak sapi segar
Beef intestine fresh,Usus sapi segar
Sago caterpillar fresh,Ulat sagu segar
Snail jerky raw,Dendeng bekicot mentah
Eel fried,Belut goreng
Squid fried,Cumi goreng
Salted fish dried,Ikan asin kering
Presto milkfish dish,Masakan bandeng presto
Hemibagrus catfish grilled,Ikan baung bakar
Grilled Indonesian featherback,Ikan belida bakar
Smoked skipjack tuna raw,Cakalang asap mentah
Salted skipjack tuna raw,Cakalang asin mentah
Ikan peda raw,Ikan peda mentah
Smoked snakehead murrel raw,Ikan gabus asap mentah
Snakehead murrel dried,Ikan gabus kering
Ikan gete fried,Ikan gete goreng
Shark fish dried,Ikan hiu kering
Green snapper salted,Kakap hijau asin
Keumamah dried,Keumamah kering
Grilled catfish,Lele bakar
Salted lomak raw,Lomak asin mentah
Pepes carp,Pepes ikan mas
Fried tilapia,Nila goreng
pepes tilapia,pepes nila
Tilapia jerky raw,Dendeng nila mentah
The climbing perch grilled,Ikan papuyu bakar
Pangasius grilled,Patin bakar
Banjar peda fish mentah,Ikan peda banjar mentah
Ponyfish raw,Ikan pepetek mentah
Pindang banjar fish raw,Ikan pindang banjar mentah
Ikan pindang benggol raw,Ikan pindang benggol mentah
Pindang Indian scad raw,Pindang layang mentah
Pindang blackbanded trevally raw,Pindang selar mentah
Smoked catfish raw,Lele asap mentah
Seluang fish dried raw,Ikan seluang kering mentah
Hara fish dish,Masakan ikan hara
Blackbanded trevally cue raw,Ikan selar mentah
Yellowstripe scad dried raw,Ikan selar kuning kering mentah
Snakeskin gourami dried raw,Ikan sepat kering mentah
Leopard coral grouper salted raw,Kerapu macan asin mentah
Fish ground raw,Ikan giling mentah
Baby anchovies dried raw,Teri nasi kering mentah
Anchovy ground raw,Teri giling mentah
Anchovy dried raw,Teri kering mentah
Anchovy dried unsalted raw,Teri tawar kering mentah
Anchovy ground raw,Teri giling mentah
Clam smoked raw,Kerang asap mentah
Clam jerky raw,Dendeng kerang mentah
Small shrimp (Acetes) dried raw,Udang rebon kering mentah
Rebung laut raw,Rebung laut mentah
Rusip,Rusip
Canned sardine,Sarden kalengan
Sea cucumber jerky raw,Dendeng teripang mentah
Dried shrimp raw,Udang kering mentah
Small shrimp raw,Udang kecil mentah
Shreded snakehead murrel,Abon ikan gabus
Shredded fish,Abon ikan
Betok wadi dish,Masakan wadi betok
Bou ninahu ndamate dish,Masakan bou ninahu ndamate
Bouiki ninahu nggaluku dish,Masakan bouiki ninahu nggaluku
Smoked skipjack tuna (papua smoked),Cakalang asap (asap papua)
Eel jerky fried,Dendeng belut goreng
Tilapia jerky fried,Dendeng nila goreng
Fillet o-fish,Fillet o-fish
Sour soup gete dish,Asam padeh gete
Gulai asam keueung dish,Gulai asam keueung
Gulai ikan paya dish,Gulai ikan paya
Fish gulai dish,Gulai ikan
Gulai keumamah dish,Gulai keumamah
Oyster gulai dish,Gulai tiram
Sweet sour gourami dish,Gurami asam manis
Red smoked fish dish,Ikan asap merah
Fried pangasius,Patin goreng
Jukku pallu kaloa dish,Jukku pallu kaloa
Kaholeo dish,Kaholeo
Lawara penjah dish,Lawara penjah
Model dish,Model
Yellow pickled tilapia dish,Acar kuning nila
Parede baleh dish,Parede baleh
Pempek adaan (fish ball),Pempek adaan
Featherback pempek,Pempek belida
Pempek kapal selam,Pempek kapal selam
Pempek kelesan,Pempek kelesan
Skin pempek,Pempek kulit
Egg pempek,Pempek telur
Spanish mackerel pempek,Pempek tenggiri
Catfish pencok dish,Pencok lele
Pinda dish,Pinda
Pindang kenari dish,Pindang kenari
Octopus saboko dish,Saboko gurita
Saboko saltan dish,Saboko saltan
Sardine saboko dish,Saboko sarden
Skewered milkfish,Sate bandeng
Sepi dish,Sepi
Tekwan,Tekwan
Balado anchovy dish,Teri balado
Stir-fried milkfish,Tumis bandeng
Stir-fried keumamah,Tumis keumamah
Java barb fresh,Ikan tawes segar
Maroon clownfish fresh,Ikan giru segar
Blackfin snapper fresh,Ikan kakap sirip hitam segar
Milkfish fresh,Ikan bandeng segar
Chub mackerel fresh,Ikan kembung segar
Streaked spinefoot fresh,Ikan baronang segar
Seluang fish fresh,Ikan seluang segar
Hemibagrus catfish fresh,Ikan baung segar
Silver pomfret fresh,Ikan bawal perak segar
Indonesian featherback fresh,Ikan belida segar
Asian swamp eel fresh,Belut sawah segar
Eel saltwater fresh,Belut laut segar
Spotted barb fresh,Ikan bintik segar
Kissing gourami fresh,Ikan gurami cium segar
Cyprinid fish fresh,Ikan mas segar
Giant trevally fresh,Ikan kuwe gerong segar
Herring fresh,Ikan haring segar
Skipjack tuna fresh,Ikan cakalang segar
Skipjack tuna liver fresh,Hati cakalang segar
Skipjack tuna heart fresh,Jantung cakalang segar
Skipjack tuna stomach fresh,Perut cakalang segar
Squid fresh,Cumi-cumi segar
Leaf fish fresh,Ikan daun segar
Caesionidae fresh,Ikan ekor kuning segar
Snakehead murrel fresh,Ikan gabus segar
Heu fish fresh,Ikan heu segar
Rohu fish fresh,Ikan rohu segar
Shark fresh,Ikan hiu segar
Neddlefish fresh,Ikan jarum segar
Snapper fresh,Ikan kakap segar
Parrot fish fresh,Ikan kakatua segar
Cyprinid freshwater fish fresh,Ikan air tawar mas segar
Kamera fish fresh,Ikan kamera segar
Malay combtail fresh,Ikan tempang melayu segar
Mackerel tuna fresh,Ikan tongkol segar
Indian mackerel mackerel fresh,Ikan kembung india segar
Snail fresh,Bekicot segar
Crab fresh,Kepiting segar
Clam fresh,Kerang segar
Pufferfish fresh,Ikan buntal segar
Large saltwater clam fresh,Kerang laut besar segar
Frog fresh,Katak segar
Turtle fresh,Penyu segar
Athlantic threadfin fresh,Ikan senangin segar
Catfish fresh,Ikan lele segar
Indian scad fresh,Ikan layang segar
Largehead hairtail fresh,Ikan layur segar
Indian mackerel fresh,Ikan kembung segar
Bali sardinella fresh,Ikan lemuru bali segar
Tonguefish fresh,Ikan lidah segar
Mangrove clam fresh,Kerang bakau segar
Mackerel scad fresh,Ikan layang segar
Red mamar fish fresh,Ikan mamar merah segar
European carp fresh,Ikan mas eropa segar
Catfish fresh,Ikan patin segar
Tilapia fresh,Ikan nila segar
Nasu metti fish fresh,Ikan nasu metti segar
Paling fish fresh,Ikan paling segar
The climbing perch fresh,Ikan papuyu segar
Pangasius fish fresh,Ikan patin segar
Pomo fish fresh,Ikan pomo segar
Bagrid catfish fresh,Ikan baung segar
Blue crab fresh,Rajungan segar
Rebon small shrimp fresh,Udang rebon segar
Seluang fish fresh,Ikan seluang segar
Sardine fresh,Ikan sarden segar
Blackbanded trevally fresh,Ikan selar segar
Snakeskin gourami fresh,Ikan sepat segar
Bicolour eel fresh,Belut dwiwarna segar
Leopard coral grouper fresh,Ikan kerapu macan segar
Giant snakehead fresh,Ikan toman segar
Sale fish fresh,Ikan sale segar
Tarmon fish fresh,Ikan tarmon segar
Spiny eel fresh,Ikan tilan segar
Goldstripe sardinella fresh,Ikan tembang segar
Wallago catfish segar,Ikan tapah segar
Flying fish fresh,Ikan terbang segar
Anchovy fresh,Ikan teri segar
Spotted scat fresh,Ikan kiper segar
Mackerel tuna fresh,Ikan tongkol segar
Turi fish fresh,Ikan turi segar
Tiger prawn giant fresh,Udang windu besar segar
Giant freshwater prawn fresh,Udang galah segar
Prawn fresh,Udang segar
Chicken egg omelette dish,Telur dadar ayam
Duck egg salted raw,Telur bebek asin mentah
Duck egg omelette dish,Telur dadar bebek
Fish egg salted raw,Telur ikan asin mentah
Bayau mi balu dish,Masakan bayau mi balu
Cucuru bayau dish,Masakan cucuru bayau
Egg kalio dish,Kalio telur
Free-range egg fresh,Telur ayam kampung segar
Caged egg fresh,Telur ayam negeri segar
Caged egg yolk fresh,Kuning telur ayam negeri segar
Caged egg white (albumen) fresh,Putih telur ayam negeri segar
Alabio duck egg fresh,Telur itik alabio segar
Duck egg yolk fresh,Kuning telur bebek segar
Duck egg white (albumen) fresh,Putih telur bebek segar
Domestic duck egg fresh,Telur bebek domestik segar
Maleo egg fresh,Telur maleo segar
Turtle egg fresh,Telur penyu segar
Quail egg fresh,Telur puyuh segar
Ice cream,Es krim
Hangop,Hangop
Cheese,Keju
Quark,Keju quark
Sour milk for baby powder,Susu bubuk asam untuk bayi
Powdered milk,Susu bubuk
Sweetened condensed milk,Susu kental manis
Unsweetened condensed milk,Susu kental tawar
Skimmed milk powder,Susu bubuk skim
Skimmed milk fresh,Susu skim segar
Yoghurt fresh,Yogurt segar
Cream fresh,Krim segar
Breastmilk,Air Susu Ibu (ASI)
Goat milk fresh,Susu kambing segar
Buffalo milk fresh,Susu kerbau segar
Horse milk fresh,Susu kuda segar
Cow milk fresh,Susu sapi segar
Margarine,Margarin
Butter,Mentega
Coconut milk (with water),Santan (dengan air)
Pure coconut milk,Santan kental
Semi-ripe coconut meat fresh,Daging kelapa setengah tua segar
Ripe coconut meat fresh,Daging kelapa tua segar
Pork fat (lard),Lemak babi
Pork fat (bacon),Lemak babi (bacon)
Fish fat,Lemak ikan
Buffalo fat (cow fat),Gajih kerbau (gajih sapi)
Shark oil liver,Minyak hati ikan hiu
Fish oil,Minyak ikan
Peanut oil,Minyak kacang
Soy oil,Minyak kedelai
Coconut oil,Minyak kelapa
Palm oil,Minyak sawit
Sesame oil,Minyak wijen
Olive oil,Minyak zaitun
Sweet chocolate bar,Cokelat batangan manis
Bitter chocolate bar,Cokelat batangan pahit
Milk chocolate bar,Cokelat batangan susu
Cocoa powder,Cokelat bubuk
Palm sugar,Gula aren
Coconut palm sugar,Gula kelapa
White sugar,Gula pasir
Jam,Selai
Instant coffee powder,Kopi bubuk instan
Honey,Madu
Markisa squash,Sirup markisa
Markisa squash BD,Sirup markisa BD
Molasses,Tetes tebu
Syrup,Sirup
Pirous syrup,Sirup pirous
Dried green tea leaves,Daun teh hijau kering
Dried black tea leaves,Daun teh hitam kering
Dried jasmine tea leaves,Daun teh melati kering
Fermented baby shrimp / Balichong,Terasi udang fermentasi / Balichong
Fermented fish / Bekasam,Ikan fermentasi / Bekasam
Bekasang (fermented fish stomach),Bekasang (perut ikan fermentasi)
Vinegar,Cuka
Sweet soy sauce,Kecap manis
Fish paste (petis),Petis
Dried shrimp paste,Terasi udang kering
Shrimp paste,Terasi udang
Tomato sauce,Saus tomat
Tempoya,Tempoyak
Belachan,Belacan
Dobo belachan,Belacan dobo
Red belachan,Belacan merah
Asam arang coklat fresh,Asam arang coklat segar
Asam arang merah fresh,Asam arang merah segar
Asam gelugur dried,Asam gelugur kering
Asam gelugur fresh,Asam gelugur segar
Tree-ripe tamarind fresh,Asam jawa matang pohon segar
Asam payak fresh,Asam payak segar
Shallot fresh,Bawang merah segar
Garlic fresh,Bawang putih segar
Fingerroot fresh,Temu kunci segar
Galangal fresh,Lengkuas segar
Red capsicum fresh,Paprika merah segar
Green chili fresh,Cabai hijau segar
Red chili dried,Cabai merah kering
Red chili fresh,Cabai merah segar
Tabasco pepper fresh,Cabai rawit segar
Clove dried,Cengkeh kering
Bay leaf ground,Daun salam bubuk
Ginger fresh,Jahe segar
Candlenut,Kemiri
Coriander dried,Ketumbar kering
Kluwek,Kluwek
Turmeric fresh,Kunyit segar
Pepper dried,Lada kering
Nutmeg seed dried,Biji pala kering