Food Code|Photo URL
AP001|https://www.panganku.org/assets/files/makanan/no_img.jpg
AP002|https://www.panganku.org/assets/files/makanan/no_img.jpg
AP003|https://www.panganku.org/assets/files/makanan/no_img.jpg
AP004|https://www.panganku.org/assets/files/makanan/no_img.jpg
AP005|https://www.panganku.org/assets/files/makanan/no_img.jpg
AP006|https://www.panganku.org/assets/files/makanan/no_img.jpg
AP007|https://www.panganku.org/assets/files/makanan/no_img.jpg
AP008|https://www.panganku.org/assets/files/makanan/no_img.jpg
AP009|https://www.panganku.org/assets/files/makanan/no_img.jpg
AP010|https://www.panganku.org/assets/files/makanan/no_img.jpg
AP011|https://www.panganku.org/assets/files/makanan/no_img.jpg
AP012|https://www.panganku.org/assets/files/makanan/no_img.jpg
AP013|https://www.panganku.org/assets/files/makanan/no_img.jpg
AP014|https://www.panganku.org/assets/files/makanan/no_img.jpg
AP015|https://www.panganku.org/assets/files/makanan/no_img.jpg
AP016|https://www.panganku.org/assets/files/makanan/no_img.jpg
AP017|https://www.panganku.org/assets/files/makanan/no_img.jpg
AP018|https://www.panganku.org/assets/files/makanan/no_img.jpg
AP019|https://www.panganku.org/assets/files/makanan/no_img.jpg
AP020|https://www.panganku.org/assets/files/makanan/no_img.jpg
AP021|https://www.panganku.org/assets/files/makanan/no_img.jpg
AP022|https://www.panganku.org/assets/files/makanan/no_img.jpg
AP023|https://www.panganku.org/assets/files/makanan/no_img.jpg
AP024|https://www.panganku.org/assets/files/makanan/no_img.jpg
AP025|https://www.panganku.org/assets/files/makanan/no_img.jpg
AP026|https://www.panganku.org/assets/files/makanan/no_img.jpg
AP027|https://www.panganku.org/assets/files/makanan/no_img.jpg
AP028|https://www.panganku.org/assets/files/makanan/no_img.jpg
AP029|https://www.panganku.org/assets/files/makanan/no_img.jpg
AP030|https://www.panganku.org/assets/files/makanan/no_img.jpg
AP031|https://www.panganku.org/assets/files/makanan/no_img.jpg
AP032|https://www.panganku.org/assets/files/makanan/no_img.jpg
AP033|https://www.panganku.org/assets/files/makanan/no_img.jpg
AP034|https://www.panganku.org/assets/files/makanan/no_img.jpg
AP035|https://www.panganku.org/assets/files/makanan/no_img.jpg
AP036|https://www.panganku.org/assets/files/makanan/no_img.jpg
AP037|https://www.panganku.org/assets/files/makanan/no_img.jpg
AP038|https://www.panganku.org/assets/files/makanan/no_img.jpg
AP039|https://www.panganku.org/assets/files/makanan/no_img.jpg
AP040|https://www.panganku.org/assets/files/makanan/no_img.jpg
AP041|https://www.panganku.org/assets/files/makanan/no_img.jpg
AP042|https://www.panganku.org/assets/files/makanan/no_img.jpg
AP043|https://www.panganku.org/assets/files/makanan/no_img.jpg
AP044|https://www.panganku.org/assets/files/makanan/no_img.jpg
AP045|https://www.panganku.org/assets/files/makanan/no_img.jpg
AP046|https://www.panganku.org/assets/files/makanan/no_img.jpg
AP047|https://www.panganku.org/assets/files/makanan/no_img.jpg
AP048|https://www.panganku.org/assets/files/makanan/no_img.jpg
AP049|https://www.panganku.org/assets/files/makanan/no_img.jpg
AP050|https://www.panganku.org/assets/files/makanan/no_img.jpg
AP051|https://www.panganku.org/assets/files/makanan/no_img.jpg
AP052|https://www.panganku.org/assets/files/makanan/no_img.jpg
AP053|https://www.panganku.org/assets/files/makanan/no_img.jpg
AP054|https://www.panganku.org/assets/files/makanan/no_img.jpg
AP055|https://www.panganku.org/assets/files/makanan/no_img.jpg
AP056|https://www.panganku.org/assets/files/makanan/no_img.jpg
AP057|https://www.panganku.org/assets/files/makanan/no_img.jpg
AP058|https://www.panganku.org/assets/files/makanan/no_img.jpg
AP059|https://www.panganku.org/assets/files/makanan/no_img.jpg
AP060|https://www.panganku.org/assets/files/makanan/no_img.jpg
AP061|https://www.panganku.org/assets/files/makanan/no_img.jpg
AP062|https://www.panganku.org/assets/files/makanan/no_img.jpg
AP063|https://www.panganku.org/assets/files/makanan/no_img.jpg
AP064|https://www.panganku.org/assets/files/makanan/no_img.jpg
AP065|https://www.panganku.org/assets/files/makanan/no_img.jpg
AP066|https://www.panganku.org/assets/files/makanan/no_img.jpg
AP067|https://www.panganku.org/assets/files/makanan/no_img.jpg
AP068|https://www.panganku.org/assets/files/makanan/no_img.jpg
AP069|https://www.panganku.org/assets/files/makanan/no_img.jpg
AP070|https://www.panganku.org/assets/files/makanan/no_img.jpg
AP071|https://www.panganku.org/assets/files/makanan/no_img.jpg
AP072|https://www.panganku.org/assets/files/makanan/no_img.jpg
AP073|https://www.panganku.org/assets/files/makanan/no_img.jpg
AP074|https://www.panganku.org/assets/files/makanan/no_img.jpg
AP075|https://www.panganku.org/assets/files/makanan/no_img.jpg
AP076|https://www.panganku.org/assets/files/makanan/no_img.jpg
AP077|https://www.panganku.org/assets/files/makanan/no_img.jpg
AP078|https://www.panganku.org/assets/files/makanan/no_img.jpg
AP079|https://www.panganku.org/assets/files/makanan/no_img.jpg
AP080|https://www.panganku.org/assets/files/makanan/no_img.jpg
AP081|https://www.panganku.org/assets/files/makanan/no_img.jpg
AP082|https://www.panganku.org/assets/files/makanan/no_img.jpg
AP083|https://www.panganku.org/assets/files/makanan/no_img.jpg
AP084|https://www.panganku.org/assets/files/makanan/no_img.jpg
AP085|https://www.panganku.org/assets/files/makanan/no_img.jpg
AP086|https://www.panganku.org/assets/files/makanan/no_img.jpg
AP087|https://www.panganku.org/assets/files/makanan/no_img.jpg
AP088|https://www.panganku.org/assets/files/makanan/no_img.jpg
AP089|https://www.panganku.org/assets/files/makanan/no_img.jpg
AP090|https://www.panganku.org/assets/files/makanan/no_img.jpg
AP091|https://www.panganku.org/assets/files/makanan/no_img.jpg
AP092|https://www.panganku.org/assets/files/makanan/no_img.jpg
AP093|https://www.panganku.org/assets/files/makanan/no_img.jpg
AP094|https://www.panganku.org/assets/files/makanan/no_img.jpg
AP095|https://www.panganku.org/assets/files/makanan/no_img.jpg
AP096|https://www.panganku.org/assets/files/makanan/no_img.jpg
AP097|https://www.panganku.org/assets/files/makanan/no_img.jpg
AP098|https://www.panganku.org/assets/files/makanan/no_img.jpg
AP100|https://www.panganku.org/assets/files/makanan/no_img.jpg
AP101|https://www.panganku.org/assets/files/makanan/no_img.jpg
AP102|https://www.panganku.org/assets/files/makanan/no_img.jpg
AP103|https://www.panganku.org/assets/files/makanan/no_img.jpg
AP104|https://www.panganku.org/assets/files/makanan/no_img.jpg
AP105|https://www.panganku.org/assets/files/makanan/no_img.jpg
AP106|https://www.panganku.org/assets/files/makanan/no_img.jpg
AP107|https://www.panganku.org/assets/files/makanan/no_img.jpg
AP108|https://www.panganku.org/assets/files/makanan/no_img.jpg
AP109|https://www.panganku.org/assets/files/makanan/no_img.jpg
AP110|https://www.panganku.org/assets/files/makanan/no_img.jpg
AP111|https://www.panganku.org/assets/files/makanan/no_img.jpg
AP112|https://www.panganku.org/assets/files/makanan/no_img.jpg
AP113|https://www.panganku.org/assets/files/makanan/no_img.jpg
AP114|https://www.panganku.org/assets/files/makanan/no_img.jpg
AP99|https://www.panganku.org/assets/files/makanan/no_img.jpg
AR001|https://www.panganku.org/assets/files/makanan/no_img.jpg
AR002|https://www.panganku.org/assets/files/makanan/no_img.jpg
AR003|https://www.panganku.org/assets/files/makanan/no_img.jpg
AR004|https://www.panganku.org/assets/files/makanan/no_img.jpg
AR005|https://www.panganku.org/assets/files/makanan/no_img.jpg
AR006|https://www.panganku.org/assets/files/makanan/no_img.jpg
AR007|https://www.panganku.org/assets/files/makanan/no_img.jpg
AR008|https://www.panganku.org/assets/files/makanan/no_img.jpg
AR009|https://www.panganku.org/assets/files/makanan/no_img.jpg
AR010|https://www.panganku.org/assets/files/makanan/no_img.jpg
AR011|https://www.panganku.org/assets/files/makanan/no_img.jpg
AR012|https://www.panganku.org/assets/files/makanan/no_img.jpg
AR013|https://www.panganku.org/assets/files/makanan/no_img.jpg
AR014|https://www.panganku.org/assets/files/makanan/no_img.jpg
AR015|https://www.panganku.org/assets/files/makanan/no_img.jpg
AR016|https://www.panganku.org/assets/files/makanan/no_img.jpg
AR017|https://www.panganku.org/assets/files/makanan/no_img.jpg
AR018|https://www.panganku.org/assets/files/makanan/no_img.jpg
AR019|https://www.panganku.org/assets/files/makanan/no_img.jpg
AR020|https://www.panganku.org/assets/files/makanan/no_img.jpg
AR021|https://www.panganku.org/assets/files/makanan/no_img.jpg
BP001|https://www.panganku.org/assets/files/makanan/no_img.jpg
BP002|https://www.panganku.org/assets/files/makanan/no_img.jpg
BP003|https://www.panganku.org/assets/files/makanan/no_img.jpg
BP004|https://www.panganku.org/assets/files/makanan/no_img.jpg
BP005|https://www.panganku.org/assets/files/makanan/no_img.jpg
BP006|https://www.panganku.org/assets/files/makanan/no_img.jpg
BP007|https://www.panganku.org/assets/files/makanan/no_img.jpg
BP008|https://www.panganku.org/assets/files/makanan/no_img.jpg
BP009|https://www.panganku.org/assets/files/makanan/no_img.jpg
BP010|https://www.panganku.org/assets/files/makanan/no_img.jpg
BP011|https://www.panganku.org/assets/files/makanan/no_img.jpg
BP012|https://www.panganku.org/assets/files/makanan/no_img.jpg
BP013|https://www.panganku.org/assets/files/makanan/no_img.jpg
BP014|https://www.panganku.org/assets/files/makanan/no_img.jpg
BP015|https://www.panganku.org/assets/files/makanan/no_img.jpg
BP016|https://www.panganku.org/assets/files/makanan/no_img.jpg
BP017|https://www.panganku.org/assets/files/makanan/no_img.jpg
BP018|https://www.panganku.org/assets/files/makanan/no_img.jpg
BP019|https://www.panganku.org/assets/files/makanan/no_img.jpg
BP020|https://www.panganku.org/assets/files/makanan/no_img.jpg
BP021|https://www.panganku.org/assets/files/makanan/no_img.jpg
BP022|https://www.panganku.org/assets/files/makanan/no_img.jpg
BP023|https://www.panganku.org/assets/files/makanan/no_img.jpg
BP024|https://www.panganku.org/assets/files/makanan/no_img.jpg
BP025|https://www.panganku.org/assets/files/makanan/no_img.jpg
BP026|https://www.panganku.org/assets/files/makanan/no_img.jpg
BP027|https://www.panganku.org/assets/files/makanan/no_img.jpg
BP028|https://www.panganku.org/assets/files/makanan/no_img.jpg
BP029|https://www.panganku.org/assets/files/makanan/no_img.jpg
BP030|https://www.panganku.org/assets/files/makanan/no_img.jpg
BP031|https://www.panganku.org/assets/files/makanan/no_img.jpg
BP032|https://www.panganku.org/assets/files/makanan/no_img.jpg
BP033|https://www.panganku.org/assets/files/makanan/no_img.jpg
BP034|https://www.panganku.org/assets/files/makanan/no_img.jpg
BP035|https://www.panganku.org/assets/files/makanan/no_img.jpg
BP036|https://www.panganku.org/assets/files/makanan/no_img.jpg
BP037|https://www.panganku.org/assets/files/makanan/no_img.jpg
BP038|https://www.panganku.org/assets/files/makanan/no_img.jpg
BP039|https://www.panganku.org/assets/files/makanan/no_img.jpg
BP040|https://www.panganku.org/assets/files/makanan/no_img.jpg
BP041|https://www.panganku.org/assets/files/makanan/no_img.jpg
BP042|https://www.panganku.org/assets/files/makanan/no_img.jpg
BP043|https://www.panganku.org/assets/files/makanan/no_img.jpg
BP044|https://www.panganku.org/assets/files/makanan/no_img.jpg
BP045|https://www.panganku.org/assets/files/makanan/no_img.jpg
BP046|https://www.panganku.org/assets/files/makanan/no_img.jpg
BP047|https://www.panganku.org/assets/files/makanan/no_img.jpg
BP048|https://www.panganku.org/assets/files/makanan/no_img.jpg
BP049|https://www.panganku.org/assets/files/makanan/no_img.jpg
BP050|https://www.panganku.org/assets/files/makanan/no_img.jpg
BP051|https://www.panganku.org/assets/files/makanan/no_img.jpg
BP052|https://www.panganku.org/assets/files/makanan/no_img.jpg
BP053|https://www.panganku.org/assets/files/makanan/no_img.jpg
BP054|https://www.panganku.org/assets/files/makanan/no_img.jpg
BP055|https://www.panganku.org/assets/files/makanan/no_img.jpg
BP056|https://www.panganku.org/assets/files/makanan/no_img.jpg
BP057|https://www.panganku.org/assets/files/makanan/no_img.jpg
BP058|https://www.panganku.org/assets/files/makanan/no_img.jpg
BP059|https://www.panganku.org/assets/files/makanan/no_img.jpg
BP060|https://www.panganku.org/assets/files/makanan/no_img.jpg
BP061|https://www.panganku.org/assets/files/makanan/no_img.jpg
BP062|https://www.panganku.org/assets/files/makanan/no_img.jpg
BP063|https://www.panganku.org/assets/files/makanan/no_img.jpg
BP064|https://www.panganku.org/assets/files/makanan/no_img.jpg
BP065|https://www.panganku.org/assets/files/makanan/no_img.jpg
BP066|https://www.panganku.org/assets/files/makanan/no_img.jpg
BP067|https://www.panganku.org/assets/files/makanan/no_img.jpg
BP068|https://www.panganku.org/assets/files/makanan/no_img.jpg
BP069|https://www.panganku.org/assets/files/makanan/no_img.jpg
BP070|https://www.panganku.org/assets/files/makanan/no_img.jpg
BP071|https://www.panganku.org/assets/files/makanan/no_img.jpg
BP072|https://www.panganku.org/assets/files/makanan/no_img.jpg
BP073|https://www.panganku.org/assets/files/makanan/no_img.jpg
BP074|https://www.panganku.org/assets/files/makanan/no_img.jpg
BP075|https://www.panganku.org/assets/files/makanan/no_img.jpg
BP076|https://www.panganku.org/assets/files/makanan/no_img.jpg
BR001|https://www.panganku.org/assets/files/makanan/no_img.jpg
BR002|https://www.panganku.org/assets/files/makanan/no_img.jpg
BR003|https://www.panganku.org/assets/files/makanan/no_img.jpg
BR004|https://www.panganku.org/assets/files/makanan/no_img.jpg
BR005|https://www.panganku.org/assets/files/makanan/no_img.jpg
BR006|https://www.panganku.org/assets/files/makanan/no_img.jpg
BR007|https://www.panganku.org/assets/files/makanan/no_img.jpg
BR008|https://www.panganku.org/assets/files/makanan/no_img.jpg
BR009|https://www.panganku.org/assets/files/makanan/no_img.jpg
BR010|https://www.panganku.org/assets/files/makanan/no_img.jpg
BR011|https://www.panganku.org/assets/files/makanan/no_img.jpg
BR012|https://www.panganku.org/assets/files/makanan/no_img.jpg
BR013|https://www.panganku.org/assets/files/makanan/no_img.jpg
BR014|https://www.panganku.org/assets/files/makanan/no_img.jpg
BR015|https://www.panganku.org/assets/files/makanan/no_img.jpg
BR016|https://www.panganku.org/assets/files/makanan/no_img.jpg
BR017|https://www.panganku.org/assets/files/makanan/no_img.jpg
BR018|https://www.panganku.org/assets/files/makanan/no_img.jpg
BR019|https://www.panganku.org/assets/files/makanan/no_img.jpg
BR020|https://www.panganku.org/assets/files/makanan/no_img.jpg
BR021|https://www.panganku.org/assets/files/makanan/no_img.jpg
BR022|https://www.panganku.org/assets/files/makanan/no_img.jpg
BR023|https://www.panganku.org/assets/files/makanan/no_img.jpg
BR024|https://www.panganku.org/assets/files/makanan/no_img.jpg
BR025|https://www.panganku.org/assets/files/makanan/no_img.jpg
BR026|https://www.panganku.org/assets/files/makanan/no_img.jpg
BR027|https://www.panganku.org/assets/files/makanan/no_img.jpg
BR028|https://www.panganku.org/assets/files/makanan/no_img.jpg
BR029|https://www.panganku.org/assets/files/makanan/no_img.jpg
BR030|https://www.panganku.org/assets/files/makanan/no_img.jpg
BR031|https://www.panganku.org/assets/files/makanan/no_img.jpg
BR032|https://www.panganku.org/assets/files/makanan/no_img.jpg
BR033|https://www.panganku.org/assets/files/makanan/no_img.jpg
CP001|https://www.panganku.org/assets/files/makanan/no_img.jpg
CP002|https://www.panganku.org/assets/files/makanan/no_img.jpg
CP003|https://www.panganku.org/assets/files/makanan/no_img.jpg
CP004|https://www.panganku.org/assets/files/makanan/no_img.jpg
CP005|https://www.panganku.org/assets/files/makanan/no_img.jpg
CP006|https://www.panganku.org/assets/files/makanan/no_img.jpg
CP007|https://www.panganku.org/assets/files/makanan/no_img.jpg
CP008|https://www.panganku.org/assets/files/makanan/no_img.jpg
CP009|https://www.panganku.org/assets/files/makanan/no_img.jpg
CP010|https://www.panganku.org/assets/files/makanan/no_img.jpg
CP011|https://www.panganku.org/assets/files/makanan/no_img.jpg
CP012|https://www.panganku.org/assets/files/makanan/no_img.jpg
CP013|https://www.panganku.org/assets/files/makanan/no_img.jpg
CP014|https://www.panganku.org/assets/files/makanan/no_img.jpg
CP015|https://www.panganku.org/assets/files/makanan/no_img.jpg
CP016|https://www.panganku.org/assets/files/makanan/no_img.jpg
CP017|https://www.panganku.org/assets/files/makanan/no_img.jpg
CP018|https://www.panganku.org/assets/files/makanan/no_img.jpg
CP019|https://www.panganku.org/assets/files/makanan/no_img.jpg
CP020|https://www.panganku.org/assets/files/makanan/no_img.jpg
CP021|https://www.panganku.org/assets/files/makanan/no_img.jpg
CP022|https://www.panganku.org/assets/files/makanan/no_img.jpg
CP023|https://www.panganku.org/assets/files/makanan/no_img.jpg
CP024|https://www.panganku.org/assets/files/makanan/no_img.jpg
CP025|https://www.panganku.org/assets/files/makanan/no_img.jpg
CP026|https://www.panganku.org/assets/files/makanan/no_img.jpg
CP027|https://www.panganku.org/assets/files/makanan/no_img.jpg
CP028|https://www.panganku.org/assets/files/makanan/no_img.jpg
CP029|https://www.panganku.org/assets/files/makanan/no_img.jpg
CP030|https://www.panganku.org/assets/files/makanan/no_img.jpg
CP031|https://www.panganku.org/assets/files/makanan/no_img.jpg
CP032|https://www.panganku.org/assets/files/makanan/no_img.jpg
CP033|https://www.panganku.org/assets/files/makanan/no_img.jpg
CP034|https://www.panganku.org/assets/files/makanan/no_img.jpg
CP035|https://www.panganku.org/assets/files/makanan/no_img.jpg
CP036|https://www.panganku.org/assets/files/makanan/no_img.jpg
CP037|https://www.panganku.org/assets/files/makanan/no_img.jpg
CP038|https://www.panganku.org/assets/files/makanan/no_img.jpg
CP039|https://www.panganku.org/assets/files/makanan/no_img.jpg
CP040|https://www.panganku.org/assets/files/makanan/no_img.jpg
CP041|https://www.panganku.org/assets/files/makanan/no_img.jpg
CP042|https://www.panganku.org/assets/files/makanan/no_img.jpg
CP043|https://www.panganku.org/assets/files/makanan/no_img.jpg
CP044|https://www.panganku.org/assets/files/makanan/no_img.jpg
CP045|https://www.panganku.org/assets/files/makanan/no_img.jpg
CP046|https://www.panganku.org/assets/files/makanan/no_img.jpg
CP047|https://www.panganku.org/assets/files/makanan/no_img.jpg
CP048|https://www.panganku.org/assets/files/makanan/no_img.jpg
CP049|https://www.panganku.org/assets/files/makanan/no_img.jpg
CP050|https://www.panganku.org/assets/files/makanan/no_img.jpg
CP051|https://www.panganku.org/assets/files/makanan/no_img.jpg
CP052|https://www.panganku.org/assets/files/makanan/no_img.jpg
CP053|https://www.panganku.org/assets/files/makanan/no_img.jpg
CP054|https://www.panganku.org/assets/files/makanan/no_img.jpg
CP055|https://www.panganku.org/assets/files/makanan/no_img.jpg
CP056|https://www.panganku.org/assets/files/makanan/no_img.jpg
CP057|https://www.panganku.org/assets/files/makanan/no_img.jpg
CP058|https://www.panganku.org/assets/files/makanan/no_img.jpg
CP059|https://www.panganku.org/assets/files/makanan/no_img.jpg
CP060|https://www.panganku.org/assets/files/makanan/no_img.jpg
CP061|https://www.panganku.org/assets/files/makanan/no_img.jpg
CP062|https://www.panganku.org/assets/files/makanan/no_img.jpg
CP063|https://www.panganku.org/assets/files/makanan/no_img.jpg
CP064|https://www.panganku.org/assets/files/makanan/no_img.jpg
CP065|https://www.panganku.org/assets/files/makanan/no_img.jpg
CP066|https://www.panganku.org/assets/files/makanan/no_img.jpg
CP067|https://www.panganku.org/assets/files/makanan/no_img.jpg
CP068|https://www.panganku.org/assets/files/makanan/no_img.jpg
CP069|https://www.panganku.org/assets/files/makanan/no_img.jpg
CP070|https://www.panganku.org/assets/files/makanan/no_img.jpg
CP071|https://www.panganku.org/assets/files/makanan/no_img.jpg
CP072|https://www.panganku.org/assets/files/makanan/no_img.jpg
CP073|https://www.panganku.org/assets/files/makanan/no_img.jpg
CP074|https://www.panganku.org/assets/files/makanan/no_img.jpg
CP075|https://www.panganku.org/assets/files/makanan/no_img.jpg
CP076|https://www.panganku.org/assets/files/makanan/no_img.jpg
CP077|https://www.panganku.org/assets/files/makanan/no_img.jpg
CP078|https://www.panganku.org/assets/files/makanan/no_img.jpg
CP079|https://www.panganku.org/assets/files/makanan/no_img.jpg
CP080|https://www.panganku.org/assets/files/makanan/no_img.jpg
CP081|https://www.panganku.org/assets/files/makanan/no_img.jpg
CP082|https://www.panganku.org/assets/files/makanan/no_img.jpg
CP083|https://www.panganku.org/assets/files/makanan/no_img.jpg
CP084|https://www.panganku.org/assets/files/makanan/no_img.jpg
CP085|https://www.panganku.org/assets/files/makanan/no_img.jpg
CP086|https://www.panganku.org/assets/files/makanan/no_img.jpg
CR001|https://www.panganku.org/assets/files/makanan/no_img.jpg
CR002|https://www.panganku.org/assets/files/makanan/no_img.jpg
CR003|https://www.panganku.org/assets/files/makanan/no_img.jpg
CR004|https://www.panganku.org/assets/files/makanan/no_img.jpg
CR005|https://www.panganku.org/assets/files/makanan/no_img.jpg
CR006|https://www.panganku.org/assets/files/makanan/no_img.jpg
CR007|https://www.panganku.org/assets/files/makanan/no_img.jpg
CR008|https://www.panganku.org/assets/files/makanan/no_img.jpg
CR009|https://www.panganku.org/assets/files/makanan/no_img.jpg
CR010|https://www.panganku.org/assets/files/makanan/no_img.jpg
CR011|https://www.panganku.org/assets/files/makanan/no_img.jpg
CR012|https://www.panganku.org/assets/files/makanan/no_img.jpg
CR013|https://www.panganku.org/assets/files/makanan/no_img.jpg
CR014|https://www.panganku.org/assets/files/makanan/no_img.jpg
CR015|https://www.panganku.org/assets/files/makanan/no_img.jpg
CR016|https://www.panganku.org/assets/files/makanan/no_img.jpg
CR017|https://www.panganku.org/assets/files/makanan/no_img.jpg
CR018|https://www.panganku.org/assets/files/makanan/no_img.jpg
CR019|https://www.panganku.org/assets/files/makanan/no_img.jpg
CR020|https://www.panganku.org/assets/files/makanan/no_img.jpg
CR021|https://www.panganku.org/assets/files/makanan/no_img.jpg
CR022|https://www.panganku.org/assets/files/makanan/no_img.jpg
CR023|https://www.panganku.org/assets/files/makanan/no_img.jpg
CR024|https://www.panganku.org/assets/files/makanan/no_img.jpg
CR025|https://www.panganku.org/assets/files/makanan/no_img.jpg
CR026|https://www.panganku.org/assets/files/makanan/no_img.jpg
CR027|https://www.panganku.org/assets/files/makanan/no_img.jpg
CR028|https://www.panganku.org/assets/files/makanan/no_img.jpg
CR029|https://www.panganku.org/assets/files/makanan/no_img.jpg
CR030|https://www.panganku.org/assets/files/makanan/no_img.jpg
CR031|https://www.panganku.org/assets/files/makanan/no_img.jpg
CR032|https://www.panganku.org/assets/files/makanan/no_img.jpg
CR033|https://www.panganku.org/assets/files/makanan/no_img.jpg
CR034|https://www.panganku.org/assets/files/makanan/no_img.jpg
CR035|https://www.panganku.org/assets/files/makanan/no_img.jpg
CR036|https://www.panganku.org/assets/files/makanan/no_img.jpg
CR037|https://www.panganku.org/assets/files/makanan/no_img.jpg
CR038|https://www.panganku.org/assets/files/makanan/no_img.jpg
CR039|https://www.panganku.org/assets/files/makanan/no_img.jpg
CR040|https://www.panganku.org/assets/files/makanan/no_img.jpg
CR041|https://www.panganku.org/assets/files/makanan/no_img.jpg
CR042|https://www.panganku.org/assets/files/makanan/no_img.jpg
CR043|https://www.panganku.org/assets/files/makanan/no_img.jpg
CR044|https://www.panganku.org/assets/files/makanan/no_img.jpg
CR045|https://www.panganku.org/assets/files/makanan/no_img.jpg
CR046|https://www.panganku.org/assets/files/makanan/no_img.jpg
CR047|https://www.panganku.org/assets/files/makanan/no_img.jpg
CR048|https://www.panganku.org/assets/files/makanan/no_img.jpg
CR049|https://www.panganku.org/assets/files/makanan/no_img.jpg
CR050|https://www.panganku.org/assets/files/makanan/no_img.jpg
CR051|https://www.panganku.org/assets/files/makanan/no_img.jpg
CR052|https://www.panganku.org/assets/files/makanan/no_img.jpg
DP001|https://www.panganku.org/assets/files/makanan/no_img.jpg
DP002|https://www.panganku.org/assets/files/makanan/no_img.jpg
DP003|https://www.panganku.org/assets/files/makanan/no_img.jpg
DP004|https://www.panganku.org/assets/files/makanan/no_img.jpg
DP005|https://www.panganku.org/assets/files/makanan/no_img.jpg
DP006|https://www.panganku.org/assets/files/makanan/no_img.jpg
DP007|https://www.panganku.org/assets/files/makanan/no_img.jpg
DP008|https://www.panganku.org/assets/files/makanan/no_img.jpg
DP009|https://www.panganku.org/assets/files/makanan/no_img.jpg
DP010|https://www.panganku.org/assets/files/makanan/no_img.jpg
DP011|https://www.panganku.org/assets/files/makanan/no_img.jpg
DP012|https://www.panganku.org/assets/files/makanan/no_img.jpg
DP013|https://www.panganku.org/assets/files/makanan/no_img.jpg
DP014|https://www.panganku.org/assets/files/makanan/no_img.jpg
DP015|https://www.panganku.org/assets/files/makanan/no_img.jpg
DP016|https://www.panganku.org/assets/files/makanan/no_img.jpg
DP017|https://www.panganku.org/assets/files/makanan/no_img.jpg
DP018|https://www.panganku.org/assets/files/makanan/no_img.jpg
DP019|https://www.panganku.org/assets/files/makanan/no_img.jpg
DP020|https://www.panganku.org/assets/files/makanan/no_img.jpg
DP021|https://www.panganku.org/assets/files/makanan/no_img.jpg
DP022|https://www.panganku.org/assets/files/makanan/no_img.jpg
DP023|https://www.panganku.org/assets/files/makanan/no_img.jpg
DP024|https://www.panganku.org/assets/files/makanan/no_img.jpg
DP025|https://www.panganku.org/assets/files/makanan/no_img.jpg
DP026|https://www.panganku.org/assets/files/makanan/no_img.jpg
DP027|https://www.panganku.org/assets/files/makanan/no_img.jpg
DP028|https://www.panganku.org/assets/files/makanan/no_img.jpg
DP029|https://www.panganku.org/assets/files/makanan/no_img.jpg
DP030|https://www.panganku.org/assets/files/makanan/no_img.jpg
DP031|https://www.panganku.org/assets/files/makanan/no_img.jpg
DP032|https://www.panganku.org/assets/files/makanan/no_img.jpg
DP033|https://www.panganku.org/assets/files/makanan/no_img.jpg
DP034|https://www.panganku.org/assets/files/makanan/no_img.jpg
DP035|https://www.panganku.org/assets/files/makanan/no_img.jpg
DP036|https://www.panganku.org/assets/files/makanan/no_img.jpg
DP037|https://www.panganku.org/assets/files/makanan/no_img.jpg
DP038|https://www.panganku.org/assets/files/makanan/no_img.jpg
DP039|https://www.panganku.org/assets/files/makanan/no_img.jpg
DP040|https://www.panganku.org/assets/files/makanan/no_img.jpg
DP041|https://www.panganku.org/assets/files/makanan/no_img.jpg
DP042|https://www.panganku.org/assets/files/makanan/no_img.jpg
DP043|https://www.panganku.org/assets/files/makanan/no_img.jpg
DP044|https://www.panganku.org/assets/files/makanan/no_img.jpg
DP045|https://www.panganku.org/assets/files/makanan/no_img.jpg
DP046|https://www.panganku.org/assets/files/makanan/no_img.jpg
DP047|https://www.panganku.org/assets/files/makanan/no_img.jpg
DP048|https://www.panganku.org/assets/files/makanan/no_img.jpg
DP049|https://www.panganku.org/assets/files/makanan/no_img.jpg
DP050|https://www.panganku.org/assets/files/makanan/no_img.jpg
DP051|https://www.panganku.org/assets/files/makanan/no_img.jpg
DP052|https://www.panganku.org/assets/files/makanan/no_img.jpg
DP053|https://www.panganku.org/assets/files/makanan/no_img.jpg
DP054|https://www.panganku.org/assets/files/makanan/no_img.jpg
DP055|https://www.panganku.org/assets/files/makanan/no_img.jpg
DP056|https://www.panganku.org/assets/files/makanan/no_img.jpg
DP057|https://www.panganku.org/assets/files/makanan/no_img.jpg
DP058|https://www.panganku.org/assets/files/makanan/no_img.jpg
DP059|https://www.panganku.org/assets/files/makanan/no_img.jpg
DP060|https://www.panganku.org/assets/files/makanan/no_img.jpg
DP061|https://www.panganku.org/assets/files/makanan/no_img.jpg
DR001|https://www.panganku.org/assets/files/makanan/no_img.jpg
DR002|https://www.panganku.org/assets/files/makanan/no_img.jpg
DR003|https://www.panganku.org/assets/files/makanan/no_img.jpg
DR004|https://www.panganku.org/assets/files/makanan/no_img.jpg
DR005|https://www.panganku.org/assets/files/makanan/no_img.jpg
DR006|https://www.panganku.org/assets/files/makanan/no_img.jpg
DR007|https://www.panganku.org/assets/files/makanan/no_img.jpg
DR008|https://www.panganku.org/assets/files/makanan/no_img.jpg
DR009|https://www.panganku.org/assets/files/makanan/no_img.jpg
DR010|https://www.panganku.org/assets/files/makanan/no_img.jpg
DR011|https://www.panganku.org/assets/files/makanan/no_img.jpg
DR012|https://www.panganku.org/assets/files/makanan/no_img.jpg
DR013|https://www.panganku.org/assets/files/makanan/no_img.jpg
DR014|https://www.panganku.org/assets/files/makanan/no_img.jpg
DR015|https://www.panganku.org/assets/files/makanan/no_img.jpg
DR016|https://www.panganku.org/assets/files/makanan/no_img.jpg
DR017|https://www.panganku.org/assets/files/makanan/no_img.jpg
DR018|https://www.panganku.org/assets/files/makanan/no_img.jpg
DR019|https://www.panganku.org/assets/files/makanan/no_img.jpg
DR020|https://www.panganku.org/assets/files/makanan/no_img.jpg
DR021|https://www.panganku.org/assets/files/makanan/no_img.jpg
DR022|https://www.panganku.org/assets/files/makanan/no_img.jpg
DR023|https://www.panganku.org/assets/files/makanan/no_img.jpg
DR024|https://www.panganku.org/assets/files/makanan/no_img.jpg
DR025|https://www.panganku.org/assets/files/makanan/no_img.jpg
DR026|https://www.panganku.org/assets/files/makanan/no_img.jpg
DR027|https://www.panganku.org/assets/files/makanan/no_img.jpg
DR028|https://www.panganku.org/assets/files/makanan/no_img.jpg
DR029|https://www.panganku.org/assets/files/makanan/no_img.jpg
DR030|https://www.panganku.org/assets/files/makanan/no_img.jpg
DR031|https://www.panganku.org/assets/files/makanan/no_img.jpg
DR032|https://www.panganku.org/assets/files/makanan/no_img.jpg
DR033|https://www.panganku.org/assets/files/makanan/no_img.jpg
DR034|https://www.panganku.org/assets/files/makanan/no_img.jpg
DR035|https://www.panganku.org/assets/files/makanan/no_img.jpg
DR036|https://www.panganku.org/assets/files/makanan/no_img.jpg
DR037|https://www.panganku.org/assets/files/makanan/no_img.jpg
DR038|https://www.panganku.org/assets/files/makanan/no_img.jpg
DR039|https://www.panganku.org/assets/files/makanan/no_img.jpg
DR040|https://www.panganku.org/assets/files/makanan/no_img.jpg
DR041|https://www.panganku.org/assets/files/makanan/no_img.jpg
DR042|https://www.panganku.org/assets/files/makanan/no_img.jpg
DR043|https://www.panganku.org/assets/files/makanan/no_img.jpg
DR044|https://www.panganku.org/assets/files/makanan/no_img.jpg
DR045|https://www.panganku.org/assets/files/makanan/no_img.jpg
DR046|https://www.panganku.org/assets/files/makanan/no_img.jpg
DR047|https://www.panganku.org/assets/files/makanan/no_img.jpg
DR048|https://www.panganku.org/assets/files/makanan/no_img.jpg
DR049|https://www.panganku.org/assets/files/makanan/no_img.jpg
DR050|https://www.panganku.org/assets/files/makanan/no_img.jpg
DR051|https://www.panganku.org/assets/files/makanan/no_img.jpg
DR052|https://www.panganku.org/assets/files/makanan/no_img.jpg
DR053|https://www.panganku.org/assets/files/makanan/no_img.jpg
DR054|https://www.panganku.org/assets/files/makanan/no_img.jpg
DR055|https://www.panganku.org/assets/files/makanan/no_img.jpg
DR056|https://www.panganku.org/assets/files/makanan/no_img.jpg
DR057|https://www.panganku.org/assets/files/makanan/no_img.jpg
DR058|https://www.panganku.org/assets/files/makanan/no_img.jpg
DR059|https://www.panganku.org/assets/files/makanan/no_img.jpg
DR060|https://www.panganku.org/assets/files/makanan/no_img.jpg
DR061|https://www.panganku.org/assets/files/makanan/no_img.jpg
DR062|https://www.panganku.org/assets/files/makanan/no_img.jpg
DR063|https://www.panganku.org/assets/files/makanan/no_img.jpg
DR064|https://www.panganku.org/assets/files/makanan/no_img.jpg
DR065|https://www.panganku.org/assets/files/makanan/no_img.jpg
DR066|https://www.panganku.org/assets/files/makanan/no_img.jpg
DR067|https://www.panganku.org/assets/files/makanan/no_img.jpg
DR068|https://www.panganku.org/assets/files/makanan/no_img.jpg
DR069|https://www.panganku.org/assets/files/makanan/no_img.jpg
DR070|https://www.panganku.org/assets/files/makanan/no_img.jpg
DR071|https://www.panganku.org/assets/files/makanan/no_img.jpg
DR072|https://www.panganku.org/assets/files/makanan/no_img.jpg
DR073|https://www.panganku.org/assets/files/makanan/no_img.jpg
DR074|https://www.panganku.org/assets/files/makanan/no_img.jpg
DR075|https://www.panganku.org/assets/files/makanan/no_img.jpg
DR076|https://www.panganku.org/assets/files/makanan/no_img.jpg
DR077|https://www.panganku.org/assets/files/makanan/no_img.jpg
DR078|https://www.panganku.org/assets/files/makanan/no_img.jpg
DR079|https://www.panganku.org/assets/files/makanan/no_img.jpg
DR080|https://www.panganku.org/assets/files/makanan/no_img.jpg
DR081|https://www.panganku.org/assets/files/makanan/no_img.jpg
DR082|https://www.panganku.org/assets/files/makanan/no_img.jpg
DR083|https://www.panganku.org/assets/files/makanan/no_img.jpg
DR084|https://www.panganku.org/assets/files/makanan/no_img.jpg
DR085|https://www.panganku.org/assets/files/makanan/no_img.jpg
DR086|https://www.panganku.org/assets/files/makanan/no_img.jpg
DR087|https://www.panganku.org/assets/files/makanan/no_img.jpg
DR088|https://www.panganku.org/assets/files/makanan/no_img.jpg
DR089|https://www.panganku.org/assets/files/makanan/no_img.jpg
DR090|https://www.panganku.org/assets/files/makanan/no_img.jpg
DR091|https://www.panganku.org/assets/files/makanan/no_img.jpg
DR092|https://www.panganku.org/assets/files/makanan/no_img.jpg
DR093|https://www.panganku.org/assets/files/makanan/no_img.jpg
DR094|https://www.panganku.org/assets/files/makanan/no_img.jpg
DR095|https://www.panganku.org/assets/files/makanan/no_img.jpg
DR096|https://www.panganku.org/assets/files/makanan/no_img.jpg
DR097|https://www.panganku.org/assets/files/makanan/no_img.jpg
DR098|https://www.panganku.org/assets/files/makanan/no_img.jpg
DR099|https://www.panganku.org/assets/files/makanan/no_img.jpg
DR100|https://www.panganku.org/assets/files/makanan/no_img.jpg
DR101|https://www.panganku.org/assets/files/makanan/no_img.jpg
DR102|https://www.panganku.org/assets/files/makanan/no_img.jpg
DR103|https://www.panganku.org/assets/files/makanan/no_img.jpg
DR104|https://www.panganku.org/assets/files/makanan/no_img.jpg
DR105|https://www.panganku.org/assets/files/makanan/no_img.jpg
DR106|https://www.panganku.org/assets/files/makanan/no_img.jpg
DR107|https://www.panganku.org/assets/files/makanan/no_img.jpg
DR108|https://www.panganku.org/assets/files/makanan/no_img.jpg
DR109|https://www.panganku.org/assets/files/makanan/no_img.jpg
DR110|https://www.panganku.org/assets/files/makanan/no_img.jpg
DR111|https://www.panganku.org/assets/files/makanan/no_img.jpg
DR112|https://www.panganku.org/assets/files/makanan/no_img.jpg
DR113|https://www.panganku.org/assets/files/makanan/no_img.jpg
DR114|https://www.panganku.org/assets/files/makanan/no_img.jpg
DR115|https://www.panganku.org/assets/files/makanan/no_img.jpg
DR116|https://www.panganku.org/assets/files/makanan/no_img.jpg
DR117|https://www.panganku.org/assets/files/makanan/no_img.jpg
DR118|https://www.panganku.org/assets/files/makanan/no_img.jpg
DR119|https://www.panganku.org/assets/files/makanan/no_img.jpg
DR120|https://www.panganku.org/assets/files/makanan/no_img.jpg
DR121|https://www.panganku.org/assets/files/makanan/no_img.jpg
DR122|https://www.panganku.org/assets/files/makanan/no_img.jpg
DR123|https://www.panganku.org/assets/files/makanan/no_img.jpg
DR124|https://www.panganku.org/assets/files/makanan/no_img.jpg
DR125|https://www.panganku.org/assets/files/makanan/no_img.jpg
DR126|https://www.panganku.org/assets/files/makanan/no_img.jpg
DR127|https://www.panganku.org/assets/files/makanan/no_img.jpg
DR128|https://www.panganku.org/assets/files/makanan/no_img.jpg
DR129|https://www.panganku.org/assets/files/makanan/no_img.jpg
DR130|https://www.panganku.org/assets/files/makanan/no_img.jpg
DR131|https://www.panganku.org/assets/files/makanan/no_img.jpg
DR132|https://www.panganku.org/assets/files/makanan/no_img.jpg
DR133|https://www.panganku.org/assets/files/makanan/no_img.jpg
DR134|https://www.panganku.org/assets/files/makanan/no_img.jpg
DR135|https://www.panganku.org/assets/files/makanan/no_img.jpg
DR136|https://www.panganku.org/assets/files/makanan/no_img.jpg
DR137|https://www.panganku.org/assets/files/makanan/no_img.jpg
DR138|https://www.panganku.org/assets/files/makanan/no_img.jpg
DR139|https://www.panganku.org/assets/files/makanan/no_img.jpg
DR140|https://www.panganku.org/assets/files/makanan/no_img.jpg
DR141|https://www.panganku.org/assets/files/makanan/no_img.jpg
DR142|https://www.panganku.org/assets/files/makanan/no_img.jpg
DR143|https://www.panganku.org/assets/files/makanan/no_img.jpg
DR144|https://www.panganku.org/assets/files/makanan/no_img.jpg
DR145|https://www.panganku.org/assets/files/makanan/no_img.jpg
DR146|https://www.panganku.org/assets/files/makanan/no_img.jpg
DR147|https://www.panganku.org/assets/files/makanan/no_img.jpg
DR148|https://www.panganku.org/assets/files/makanan/no_img.jpg
DR149|https://www.panganku.org/assets/files/makanan/no_img.jpg
DR150|https://www.panganku.org/assets/files/makanan/no_img.jpg
DR151|https://www.panganku.org/assets/files/makanan/no_img.jpg
DR152|https://www.panganku.org/assets/files/makanan/no_img.jpg
DR153|https://www.panganku.org/assets/files/makanan/no_img.jpg
DR154|https://www.panganku.org/assets/files/makanan/no_img.jpg
DR155|https://www.panganku.org/assets/files/makanan/no_img.jpg
DR156|https://www.panganku.org/assets/files/makanan/no_img.jpg
DR157|https://www.panganku.org/assets/files/makanan/no_img.jpg
DR158|https://www.panganku.org/assets/files/makanan/no_img.jpg
DR159|https://www.panganku.org/assets/files/makanan/no_img.jpg
DR160|https://www.panganku.org/assets/files/makanan/no_img.jpg
DR161|https://www.panganku.org/assets/files/makanan/no_img.jpg
DR162|https://www.panganku.org/assets/files/makanan/no_img.jpg
DR163|https://www.panganku.org/assets/files/makanan/no_img.jpg
DR164|https://www.panganku.org/assets/files/makanan/no_img.jpg
DR165|https://www.panganku.org/assets/files/makanan/no_img.jpg
DR166|https://www.panganku.org/assets/files/makanan/no_img.jpg
EP001|https://www.panganku.org/assets/files/makanan/no_img.jpg
EP002|https://www.panganku.org/assets/files/makanan/no_img.jpg
EP003|https://www.panganku.org/assets/files/makanan/no_img.jpg
EP004|https://www.panganku.org/assets/files/makanan/no_img.jpg
EP005|https://www.panganku.org/assets/files/makanan/no_img.jpg
EP006|https://www.panganku.org/assets/files/makanan/no_img.jpg
EP007|https://www.panganku.org/assets/files/makanan/no_img.jpg
EP008|https://www.panganku.org/assets/files/makanan/no_img.jpg
EP009|https://www.panganku.org/assets/files/makanan/no_img.jpg
EP010|https://www.panganku.org/assets/files/makanan/no_img.jpg
EP011|https://www.panganku.org/assets/files/makanan/no_img.jpg
EP012|https://www.panganku.org/assets/files/makanan/no_img.jpg
EP013|https://www.panganku.org/assets/files/makanan/no_img.jpg
EP014|https://www.panganku.org/assets/files/makanan/no_img.jpg
EP015|https://www.panganku.org/assets/files/makanan/no_img.jpg
ER001|https://www.panganku.org/assets/files/makanan/no_img.jpg
ER002|https://www.panganku.org/assets/files/makanan/no_img.jpg
ER003|https://www.panganku.org/assets/files/makanan/no_img.jpg
ER004|https://www.panganku.org/assets/files/makanan/no_img.jpg
ER005|https://www.panganku.org/assets/files/makanan/no_img.jpg
ER006|https://www.panganku.org/assets/files/makanan/no_img.jpg
ER007|https://www.panganku.org/assets/files/makanan/no_img.jpg
ER008|https://www.panganku.org/assets/files/makanan/no_img.jpg
ER009|https://www.panganku.org/assets/files/makanan/no_img.jpg
ER010|https://www.panganku.org/assets/files/makanan/no_img.jpg
ER011|https://www.panganku.org/assets/files/makanan/no_img.jpg
ER012|https://www.panganku.org/assets/files/makanan/no_img.jpg
ER013|https://www.panganku.org/assets/files/makanan/no_img.jpg
ER014|https://www.panganku.org/assets/files/makanan/no_img.jpg
ER015|https://www.panganku.org/assets/files/makanan/no_img.jpg
ER016|https://www.panganku.org/assets/files/makanan/no_img.jpg
ER017|https://www.panganku.org/assets/files/makanan/no_img.jpg
ER018|https://www.panganku.org/assets/files/makanan/no_img.jpg
ER019|https://www.panganku.org/assets/files/makanan/no_img.jpg
ER020|https://www.panganku.org/assets/files/makanan/no_img.jpg
ER021|https://www.panganku.org/assets/files/makanan/no_img.jpg
ER022|https://www.panganku.org/assets/files/makanan/no_img.jpg
ER023|https://www.panganku.org/assets/files/makanan/no_img.jpg
ER024|https://www.panganku.org/assets/files/makanan/no_img.jpg
ER025|https://www.panganku.org/assets/files/makanan/no_img.jpg
ER026|https://www.panganku.org/assets/files/makanan/no_img.jpg
ER027|https://www.panganku.org/assets/files/makanan/no_img.jpg
ER028|https://www.panganku.org/assets/files/makanan/no_img.jpg
ER029|https://www.panganku.org/assets/files/makanan/no_img.jpg
ER030|https://www.panganku.org/assets/files/makanan/no_img.jpg
ER031|https://www.panganku.org/assets/files/makanan/no_img.jpg
ER032|https://www.panganku.org/assets/files/makanan/no_img.jpg
ER033|https://www.panganku.org/assets/files/makanan/no_img.jpg
ER034|https://www.panganku.org/assets/files/makanan/no_img.jpg
ER035|https://www.panganku.org/assets/files/makanan/no_img.jpg
ER036|https://www.panganku.org/assets/files/makanan/no_img.jpg
ER037|https://www.panganku.org/assets/files/makanan/no_img.jpg
ER038|https://www.panganku.org/assets/files/makanan/no_img.jpg
ER039|https://www.panganku.org/assets/files/makanan/no_img.jpg
ER040|https://www.panganku.org/assets/files/makanan/no_img.jpg
ER041|https://www.panganku.org/assets/files/makanan/no_img.jpg
ER042|https://www.panganku.org/assets/files/makanan/no_img.jpg
ER043|https://www.panganku.org/assets/files/makanan/no_img.jpg
ER044|https://www.panganku.org/assets/files/makanan/no_img.jpg
ER045|https://www.panganku.org/assets/files/makanan/no_img.jpg
ER046|https://www.panganku.org/assets/files/makanan/no_img.jpg
ER047|https://www.panganku.org/assets/files/makanan/no_img.jpg
ER048|https://www.panganku.org/assets/files/makanan/no_img.jpg
ER049|https://www.panganku.org/assets/files/makanan/no_img.jpg
ER050|https://www.panganku.org/assets/files/makanan/no_img.jpg
ER051|https://www.panganku.org/assets/files/makanan/no_img.jpg
ER052|https://www.panganku.org/assets/files/makanan/no_img.jpg
ER053|https://www.panganku.org/assets/files/makanan/no_img.jpg
ER054|https://www.panganku.org/assets/files/makanan/no_img.jpg
ER055|https://www.panganku.org/assets/files/makanan/no_img.jpg
ER056|https://www.panganku.org/assets/files/makanan/no_img.jpg
ER057|https://www.panganku.org/assets/files/makanan/no_img.jpg
ER058|https://www.panganku.org/assets/files/makanan/no_img.jpg
ER059|https://www.panganku.org/assets/files/makanan/no_img.jpg
ER060|https://www.panganku.org/assets/files/makanan/no_img.jpg
ER061|https://www.panganku.org/assets/files/makanan/no_img.jpg
ER062|https://www.panganku.org/assets/files/makanan/no_img.jpg
ER063|https://www.panganku.org/assets/files/makanan/no_img.jpg
ER064|https://www.panganku.org/assets/files/makanan/no_img.jpg
ER065|https://www.panganku.org/assets/files/makanan/no_img.jpg
ER066|https://www.panganku.org/assets/files/makanan/no_img.jpg
ER067|https://www.panganku.org/assets/files/makanan/no_img.jpg
ER068|https://www.panganku.org/assets/files/makanan/no_img.jpg
ER069|https://www.panganku.org/assets/files/makanan/no_img.jpg
ER070|https://www.panganku.org/assets/files/makanan/no_img.jpg
ER071|https://www.panganku.org/assets/files/makanan/no_img.jpg
ER072|https://www.panganku.org/assets/files/makanan/no_img.jpg
ER073|https://www.panganku.org/assets/files/makanan/no_img.jpg
ER074|https://www.panganku.org/assets/files/makanan/no_img.jpg
ER075|https://www.panganku.org/assets/files/makanan/no_img.jpg
ER076|https://www.panganku.org/assets/files/makanan/no_img.jpg
ER077|https://www.panganku.org/assets/files/makanan/no_img.jpg
ER078|https://www.panganku.org/assets/files/makanan/no_img.jpg
ER079|https://www.panganku.org/assets/files/makanan/no_img.jpg
ER080|https://www.panganku.org/assets/files/makanan/no_img.jpg
ER081|https://www.panganku.org/assets/files/makanan/no_img.jpg
ER082|https://www.panganku.org/assets/files/makanan/no_img.jpg
ER083|https://www.panganku.org/assets/files/makanan/no_img.jpg
ER084|https://www.panganku.org/assets/files/makanan/no_img.jpg
ER085|https://www.panganku.org/assets/files/makanan/no_img.jpg
ER086|https://www.panganku.org/assets/files/makanan/no_img.jpg
ER087|https://www.panganku.org/assets/files/makanan/no_img.jpg
ER088|https://www.panganku.org/assets/files/makanan/no_img.jpg
ER089|https://www.panganku.org/assets/files/makanan/no_img.jpg
ER090|https://www.panganku.org/assets/files/makanan/no_img.jpg
ER091|https://www.panganku.org/assets/files/makanan/no_img.jpg
ER092|https://www.panganku.org/assets/files/makanan/no_img.jpg
ER093|https://www.panganku.org/assets/files/makanan/no_img.jpg
ER094|https://www.panganku.org/assets/files/makanan/no_img.jpg
ER095|https://www.panganku.org/assets/files/makanan/no_img.jpg
ER096|https://www.panganku.org/assets/files/makanan/no_img.jpg
ER097|https://www.panganku.org/assets/files/makanan/no_img.jpg
ER098|https://www.panganku.org/assets/files/makanan/no_img.jpg
ER099|https://www.panganku.org/assets/files/makanan/no_img.jpg
ER100|https://www.panganku.org/assets/files/makanan/no_img.jpg
ER101|https://www.panganku.org/assets/files/makanan/no_img.jpg
ER102|https://www.panganku.org/assets/files/makanan/no_img.jpg
ER103|https://www.panganku.org/assets/files/makanan/no_img.jpg
ER104|https://www.panganku.org/assets/files/makanan/no_img.jpg
ER105|https://www.panganku.org/assets/files/makanan/no_img.jpg
ER106|https://www.panganku.org/assets/files/makanan/no_img.jpg
ER107|https://www.panganku.org/assets/files/makanan/no_img.jpg
ER108|https://www.panganku.org/assets/files/makanan/no_img.jpg
ER109|https://www.panganku.org/assets/files/makanan/no_img.jpg
ER110|https://www.panganku.org/assets/files/makanan/no_img.jpg
ER111|https://www.panganku.org/assets/files/makanan/no_img.jpg
ER112|https://www.panganku.org/assets/files/makanan/no_img.jpg
FP001|https://www.panganku.org/assets/files/makanan/no_img.jpg
FP002|https://www.panganku.org/assets/files/makanan/no_img.jpg
FP003|https://www.panganku.org/assets/files/makanan/no_img.jpg
FP004|https://www.panganku.org/assets/files/makanan/no_img.jpg
FP005|https://www.panganku.org/assets/files/makanan/no_img.jpg
FP006|https://www.panganku.org/assets/files/makanan/no_img.jpg
FP007|https://www.panganku.org/assets/files/makanan/no_img.jpg
FP008|https://www.panganku.org/assets/files/makanan/no_img.jpg
FP009|https://www.panganku.org/assets/files/makanan/no_img.jpg
FP010|https://www.panganku.org/assets/files/makanan/no_img.jpg
FP011|https://www.panganku.org/assets/files/makanan/no_img.jpg
FP012|https://www.panganku.org/assets/files/makanan/no_img.jpg
FP013|https://www.panganku.org/assets/files/makanan/no_img.jpg
FP014|https://www.panganku.org/assets/files/makanan/no_img.jpg
FP015|https://www.panganku.org/assets/files/makanan/no_img.jpg
FP016|https://www.panganku.org/assets/files/makanan/no_img.jpg
FP017|https://www.panganku.org/assets/files/makanan/no_img.jpg
FP018|https://www.panganku.org/assets/files/makanan/no_img.jpg
FP019|https://www.panganku.org/assets/files/makanan/no_img.jpg
FP020|https://www.panganku.org/assets/files/makanan/no_img.jpg
FP021|https://www.panganku.org/assets/files/makanan/no_img.jpg
FP022|https://www.panganku.org/assets/files/makanan/no_img.jpg
FP023|https://www.panganku.org/assets/files/makanan/no_img.jpg
FP024|https://www.panganku.org/assets/files/makanan/no_img.jpg
FP025|https://www.panganku.org/assets/files/makanan/no_img.jpg
FP026|https://www.panganku.org/assets/files/makanan/no_img.jpg
FP027|https://www.panganku.org/assets/files/makanan/no_img.jpg
FP028|https://www.panganku.org/assets/files/makanan/no_img.jpg
FP029|https://www.panganku.org/assets/files/makanan/no_img.jpg
FP030|https://www.panganku.org/assets/files/makanan/no_img.jpg
FP031|https://www.panganku.org/assets/files/makanan/no_img.jpg
FP032|https://www.panganku.org/assets/files/makanan/no_img.jpg
FP033|https://www.panganku.org/assets/files/makanan/no_img.jpg
FP034|https://www.panganku.org/assets/files/makanan/no_img.jpg
FP035|https://www.panganku.org/assets/files/makanan/no_img.jpg
FP036|https://www.panganku.org/assets/files/makanan/no_img.jpg
FP037|https://www.panganku.org/assets/files/makanan/no_img.jpg
FP038|https://www.panganku.org/assets/files/makanan/no_img.jpg
FP039|https://www.panganku.org/assets/files/makanan/no_img.jpg
FP040|https://www.panganku.org/assets/files/makanan/no_img.jpg
FP041|https://www.panganku.org/assets/files/makanan/no_img.jpg
FP042|https://www.panganku.org/assets/files/makanan/no_img.jpg
FP043|https://www.panganku.org/assets/files/makanan/no_img.jpg
FP044|https://www.panganku.org/assets/files/makanan/no_img.jpg
FP045|https://www.panganku.org/assets/files/makanan/no_img.jpg
FP046|https://www.panganku.org/assets/files/makanan/no_img.jpg
FP047|https://www.panganku.org/assets/files/makanan/no_img.jpg
FP048|https://www.panganku.org/assets/files/makanan/no_img.jpg
FP049|https://www.panganku.org/assets/files/makanan/no_img.jpg
FP050|https://www.panganku.org/assets/files/makanan/no_img.jpg
FP051|https://www.panganku.org/assets/files/makanan/no_img.jpg
FP052|https://www.panganku.org/assets/files/makanan/no_img.jpg
FP053|https://www.panganku.org/assets/files/makanan/no_img.jpg
FP054|https://www.panganku.org/assets/files/makanan/no_img.jpg
FP055|https://www.panganku.org/assets/files/makanan/no_img.jpg
FP056|https://www.panganku.org/assets/files/makanan/no_img.jpg
FP057|https://www.panganku.org/assets/files/makanan/no_img.jpg
FP058|https://www.panganku.org/assets/files/makanan/no_img.jpg
FP059|https://www.panganku.org/assets/files/makanan/no_img.jpg
FP060|https://www.panganku.org/assets/files/makanan/no_img.jpg
FP061|https://www.panganku.org/assets/files/makanan/no_img.jpg
FP062|https://www.panganku.org/assets/files/makanan/no_img.jpg
FP063|https://www.panganku.org/assets/files/makanan/no_img.jpg
FP064|https://www.panganku.org/assets/files/makanan/no_img.jpg
FP065|https://www.panganku.org/assets/files/makanan/no_img.jpg
FP066|https://www.panganku.org/assets/files/makanan/no_img.jpg
FP067|https://www.panganku.org/assets/files/makanan/no_img.jpg
FP068|https://www.panganku.org/assets/files/makanan/no_img.jpg
FP069|https://www.panganku.org/assets/files/makanan/no_img.jpg
FP070|https://www.panganku.org/assets/files/makanan/no_img.jpg
FP071|https://www.panganku.org/assets/files/makanan/no_img.jpg
FP072|https://www.panganku.org/assets/files/makanan/no_img.jpg
FP073|https://www.panganku.org/assets/files/makanan/no_img.jpg
FP074|https://www.panganku.org/assets/files/makanan/no_img.jpg
FP075|https://www.panganku.org/assets/files/makanan/no_img.jpg
FP076|https://www.panganku.org/assets/files/makanan/no_img.jpg
FP077|https://www.panganku.org/assets/files/makanan/no_img.jpg
FP078|https://www.panganku.org/assets/files/makanan/no_img.jpg
FP079|https://www.panganku.org/assets/files/makanan/no_img.jpg
FP080|https://www.panganku.org/assets/files/makanan/no_img.jpg
FP081|https://www.panganku.org/assets/files/makanan/no_img.jpg
FP082|https://www.panganku.org/assets/files/makanan/no_img.jpg
FP083|https://www.panganku.org/assets/files/makanan/no_img.jpg
FP084|https://www.panganku.org/assets/files/makanan/no_img.jpg
FP085|https://www.panganku.org/assets/files/makanan/no_img.jpg
FP086|https://www.panganku.org/assets/files/makanan/no_img.jpg
FP087|https://www.panganku.org/assets/files/makanan/no_img.jpg
FP088|https://www.panganku.org/assets/files/makanan/no_img.jpg
FR001|https://www.panganku.org/assets/files/makanan/no_img.jpg
FR002|https://www.panganku.org/assets/files/makanan/no_img.jpg
FR003|https://www.panganku.org/assets/files/makanan/no_img.jpg
FR004|https://www.panganku.org/assets/files/makanan/no_img.jpg
FR005|https://www.panganku.org/assets/files/makanan/no_img.jpg
FR006|https://www.panganku.org/assets/files/makanan/no_img.jpg
FR007|https://www.panganku.org/assets/files/makanan/no_img.jpg
FR008|https://www.panganku.org/assets/files/makanan/no_img.jpg
FR009|https://www.panganku.org/assets/files/makanan/no_img.jpg
FR010|https://www.panganku.org/assets/files/makanan/no_img.jpg
FR011|https://www.panganku.org/assets/files/makanan/no_img.jpg
FR012|https://www.panganku.org/assets/files/makanan/no_img.jpg
FR013|https://www.panganku.org/assets/files/makanan/no_img.jpg
FR014|https://www.panganku.org/assets/files/makanan/no_img.jpg
FR015|https://www.panganku.org/assets/files/makanan/no_img.jpg
FR016|https://www.panganku.org/assets/files/makanan/no_img.jpg
FR017|https://www.panganku.org/assets/files/makanan/no_img.jpg
FR018|https://www.panganku.org/assets/files/makanan/no_img.jpg
FR019|https://www.panganku.org/assets/files/makanan/no_img.jpg
FR020|https://www.panganku.org/assets/files/makanan/no_img.jpg
FR021|https://www.panganku.org/assets/files/makanan/no_img.jpg
FR022|https://www.panganku.org/assets/files/makanan/no_img.jpg
FR023|https://www.panganku.org/assets/files/makanan/no_img.jpg
FR024|https://www.panganku.org/assets/files/makanan/no_img.jpg
FR025|https://www.panganku.org/assets/files/makanan/no_img.jpg
FR026|https://www.panganku.org/assets/files/makanan/no_img.jpg
FR027|https://www.panganku.org/assets/files/makanan/no_img.jpg
FR028|https://www.panganku.org/assets/files/makanan/no_img.jpg
FR029|https://www.panganku.org/assets/files/makanan/no_img.jpg
FR030|https://www.panganku.org/assets/files/makanan/no_img.jpg
FR031|https://www.panganku.org/assets/files/makanan/no_img.jpg
FR032|https://www.panganku.org/assets/files/makanan/no_img.jpg
FR033|https://www.panganku.org/assets/files/makanan/no_img.jpg
FR034|https://www.panganku.org/assets/files/makanan/no_img.jpg
GP001|https://www.panganku.org/assets/files/makanan/no_img.jpg
GP002|https://www.panganku.org/assets/files/makanan/no_img.jpg
GP003|https://www.panganku.org/assets/files/makanan/no_img.jpg
GP004|https://www.panganku.org/assets/files/makanan/no_img.jpg
GP005|https://www.panganku.org/assets/files/makanan/no_img.jpg
GP006|https://www.panganku.org/assets/files/makanan/no_img.jpg
GP007|https://www.panganku.org/assets/files/makanan/no_img.jpg
GP008|https://www.panganku.org/assets/files/makanan/no_img.jpg
GP009|https://www.panganku.org/assets/files/makanan/no_img.jpg
GP010|https://www.panganku.org/assets/files/makanan/no_img.jpg
GP011|https://www.panganku.org/assets/files/makanan/no_img.jpg
GP012|https://www.panganku.org/assets/files/makanan/no_img.jpg
GP013|https://www.panganku.org/assets/files/makanan/no_img.jpg
GP014|https://www.panganku.org/assets/files/makanan/no_img.jpg
GP015|https://www.panganku.org/assets/files/makanan/no_img.jpg
GP016|https://www.panganku.org/assets/files/makanan/no_img.jpg
GP017|https://www.panganku.org/assets/files/makanan/no_img.jpg
GP018|https://www.panganku.org/assets/files/makanan/no_img.jpg
GP019|https://www.panganku.org/assets/files/makanan/no_img.jpg
GP020|https://www.panganku.org/assets/files/makanan/no_img.jpg
GP021|https://www.panganku.org/assets/files/makanan/no_img.jpg
GP022|https://www.panganku.org/assets/files/makanan/no_img.jpg
GP023|https://www.panganku.org/assets/files/makanan/no_img.jpg
GP024|https://www.panganku.org/assets/files/makanan/no_img.jpg
GP025|https://www.panganku.org/assets/files/makanan/no_img.jpg
GP026|https://www.panganku.org/assets/files/makanan/no_img.jpg
GP027|https://www.panganku.org/assets/files/makanan/no_img.jpg
GP028|https://www.panganku.org/assets/files/makanan/no_img.jpg
GP029|https://www.panganku.org/assets/files/makanan/no_img.jpg
GP030|https://www.panganku.org/assets/files/makanan/no_img.jpg
GP031|https://www.panganku.org/assets/files/makanan/no_img.jpg
GP032|https://www.panganku.org/assets/files/makanan/no_img.jpg
GP033|https://www.panganku.org/assets/files/makanan/no_img.jpg
GP034|https://www.panganku.org/assets/files/makanan/no_img.jpg
GP035|https://www.panganku.org/assets/files/makanan/no_img.jpg
GP036|https://www.panganku.org/assets/files/makanan/no_img.jpg
GP037|https://www.panganku.org/assets/files/makanan/no_img.jpg
GP038|https://www.panganku.org/assets/files/makanan/no_img.jpg
GP039|https://www.panganku.org/assets/files/makanan/no_img.jpg
GP040|https://www.panganku.org/assets/files/makanan/no_img.jpg
GP041|https://www.panganku.org/assets/files/makanan/no_img.jpg
GP042|https://www.panganku.org/assets/files/makanan/no_img.jpg
GP043|https://www.panganku.org/assets/files/makanan/no_img.jpg
GP044|https://www.panganku.org/assets/files/makanan/no_img.jpg
GP045|https://www.panganku.org/assets/files/makanan/no_img.jpg
GP046|https://www.panganku.org/assets/files/makanan/no_img.jpg
GP047|https://www.panganku.org/assets/files/makanan/no_img.jpg
GP048|https://www.panganku.org/assets/files/makanan/no_img.jpg
GP049|https://www.panganku.org/assets/files/makanan/no_img.jpg
GP050|https://www.panganku.org/assets/files/makanan/no_img.jpg
GP051|https://www.panganku.org/assets/files/makanan/no_img.jpg
GP052|https://www.panganku.org/assets/files/makanan/no_img.jpg
GP053|https://www.panganku.org/assets/files/makanan/no_img.jpg
GP054|https://www.panganku.org/assets/files/makanan/no_img.jpg
GP055|https://www.panganku.org/assets/files/makanan/no_img.jpg
GP056|https://www.panganku.org/assets/files/makanan/no_img.jpg
GP057|https://www.panganku.org/assets/files/makanan/no_img.jpg
GP058|https://www.panganku.org/assets/files/makanan/no_img.jpg
GP059|https://www.panganku.org/assets/files/makanan/no_img.jpg
GP060|https://www.panganku.org/assets/files/makanan/no_img.jpg
GP061|https://www.panganku.org/assets/files/makanan/no_img.jpg
GP062|https://www.panganku.org/assets/files/makanan/no_img.jpg
GP063|https://www.panganku.org/assets/files/makanan/no_img.jpg
GP064|https://www.panganku.org/assets/files/makanan/no_img.jpg
GP065|https://www.panganku.org/assets/files/makanan/no_img.jpg
GP066|https://www.panganku.org/assets/files/makanan/no_img.jpg
GP067|https://www.panganku.org/assets/files/makanan/no_img.jpg
GP068|https://www.panganku.org/assets/files/makanan/no_img.jpg
GP069|https://www.panganku.org/assets/files/makanan/no_img.jpg
GP070|https://www.panganku.org/assets/files/makanan/no_img.jpg
GP071|https://www.panganku.org/assets/files/makanan/no_img.jpg
GP072|https://www.panganku.org/assets/files/makanan/no_img.jpg
GP073|https://www.panganku.org/assets/files/makanan/no_img.jpg
GP074|https://www.panganku.org/assets/files/makanan/no_img.jpg
GP075|https://www.panganku.org/assets/files/makanan/no_img.jpg
GP076|https://www.panganku.org/assets/files/makanan/no_img.jpg
GP077|https://www.panganku.org/assets/files/makanan/no_img.jpg
GP078|https://www.panganku.org/assets/files/makanan/no_img.jpg
GP079|https://www.panganku.org/assets/files/makanan/no_img.jpg
GP080|https://www.panganku.org/assets/files/makanan/no_img.jpg
GP081|https://www.panganku.org/assets/files/makanan/no_img.jpg
GP082|https://www.panganku.org/assets/files/makanan/no_img.jpg
GP083|https://www.panganku.org/assets/files/makanan/no_img.jpg
GP084|https://www.panganku.org/assets/files/makanan/no_img.jpg
GP085|https://www.panganku.org/assets/files/makanan/no_img.jpg
GP086|https://www.panganku.org/assets/files/makanan/no_img.jpg
GP087|https://www.panganku.org/assets/files/makanan/no_img.jpg
GP088|https://www.panganku.org/assets/files/makanan/no_img.jpg
GP089|https://www.panganku.org/assets/files/makanan/no_img.jpg
GP090|https://www.panganku.org/assets/files/makanan/no_img.jpg
GP091|https://www.panganku.org/assets/files/makanan/no_img.jpg
GP092|https://www.panganku.org/assets/files/makanan/no_img.jpg
GP093|https://www.panganku.org/assets/files/makanan/no_img.jpg
GP094|https://www.panganku.org/assets/files/makanan/no_img.jpg
GP095|https://www.panganku.org/assets/files/makanan/no_img.jpg
GR001|https://www.panganku.org/assets/files/makanan/no_img.jpg
GR002|https://www.panganku.org/assets/files/makanan/no_img.jpg
GR003|https://www.panganku.org/assets/files/makanan/no_img.jpg
GR004|https://www.panganku.org/assets/files/makanan/no_img.jpg
GR005|https://www.panganku.org/assets/files/makanan/no_img.jpg
GR006|https://www.panganku.org/assets/files/makanan/no_img.jpg
GR007|https://www.panganku.org/assets/files/makanan/no_img.jpg
GR008|https://www.panganku.org/assets/files/makanan/no_img.jpg
GR009|https://www.panganku.org/assets/files/makanan/no_img.jpg
GR010|https://www.panganku.org/assets/files/makanan/no_img.jpg
GR011|https://www.panganku.org/assets/files/makanan/no_img.jpg
GR012|https://www.panganku.org/assets/files/makanan/no_img.jpg
GR013|https://www.panganku.org/assets/files/makanan/no_img.jpg
GR014|https://www.panganku.org/assets/files/makanan/no_img.jpg
GR015|https://www.panganku.org/assets/files/makanan/no_img.jpg
GR016|https://www.panganku.org/assets/files/makanan/no_img.jpg
GR017|https://www.panganku.org/assets/files/makanan/no_img.jpg
GR018|https://www.panganku.org/assets/files/makanan/no_img.jpg
GR019|https://www.panganku.org/assets/files/makanan/no_img.jpg
GR020|https://www.panganku.org/assets/files/makanan/no_img.jpg
GR021|https://www.panganku.org/assets/files/makanan/no_img.jpg
GR022|https://www.panganku.org/assets/files/makanan/no_img.jpg
GR023|https://www.panganku.org/assets/files/makanan/no_img.jpg
GR024|https://www.panganku.org/assets/files/makanan/no_img.jpg
GR025|https://www.panganku.org/assets/files/makanan/no_img.jpg
GR026|https://www.panganku.org/assets/files/makanan/no_img.jpg
GR027|https://www.panganku.org/assets/files/makanan/no_img.jpg
GR028|https://www.panganku.org/assets/files/makanan/no_img.jpg
GR029|https://www.panganku.org/assets/files/makanan/no_img.jpg
GR030|https://www.panganku.org/assets/files/makanan/no_img.jpg
GR031|https://www.panganku.org/assets/files/makanan/no_img.jpg
GR032|https://www.panganku.org/assets/files/makanan/no_img.jpg
GR033|https://www.panganku.org/assets/files/makanan/no_img.jpg
GR034|https://www.panganku.org/assets/files/makanan/no_img.jpg
GR035|https://www.panganku.org/assets/files/makanan/no_img.jpg
GR036|https://www.panganku.org/assets/files/makanan/no_img.jpg
GR037|https://www.panganku.org/assets/files/makanan/no_img.jpg
GR038|https://www.panganku.org/assets/files/makanan/no_img.jpg
GR039|https://www.panganku.org/assets/files/makanan/no_img.jpg
GR040|https://www.panganku.org/assets/files/makanan/no_img.jpg
GR041|https://www.panganku.org/assets/files/makanan/no_img.jpg
GR042|https://www.panganku.org/assets/files/makanan/no_img.jpg
GR043|https://www.panganku.org/assets/files/makanan/no_img.jpg
GR044|https://www.panganku.org/assets/files/makanan/no_img.jpg
GR045|https://www.panganku.org/assets/files/makanan/no_img.jpg
GR046|https://www.panganku.org/assets/files/makanan/no_img.jpg
GR047|https://www.panganku.org/assets/files/makanan/no_img.jpg
GR048|https://www.panganku.org/assets/files/makanan/no_img.jpg
GR049|https://www.panganku.org/assets/files/makanan/no_img.jpg
GR050|https://www.panganku.org/assets/files/makanan/no_img.jpg
GR051|https://www.panganku.org/assets/files/makanan/no_img.jpg
GR052|https://www.panganku.org/assets/files/makanan/no_img.jpg
GR053|https://www.panganku.org/assets/files/makanan/no_img.jpg
GR054|https://www.panganku.org/assets/files/makanan/no_img.jpg
GR055|https://www.panganku.org/assets/files/makanan/no_img.jpg
GR056|https://www.panganku.org/assets/files/makanan/no_img.jpg
GR057|https://www.panganku.org/assets/files/makanan/no_img.jpg
GR058|https://www.panganku.org/assets/files/makanan/no_img.jpg
GR059|https://www.panganku.org/assets/files/makanan/no_img.jpg
GR060|https://www.panganku.org/assets/files/makanan/no_img.jpg
GR061|https://www.panganku.org/assets/files/makanan/no_img.jpg
GR062|https://www.panganku.org/assets/files/makanan/no_img.jpg
GR063|https://www.panganku.org/assets/files/makanan/no_img.jpg
GR064|https://www.panganku.org/assets/files/makanan/no_img.jpg
GR065|https://www.panganku.org/assets/files/makanan/no_img.jpg
GR066|https://www.panganku.org/assets/files/makanan/no_img.jpg
GR067|https://www.panganku.org/assets/files/makanan/no_img.jpg
GR068|https://www.panganku.org/assets/files/makanan/no_img.jpg
GR069|https://www.panganku.org/assets/files/makanan/no_img.jpg
GR070|https://www.panganku.org/assets/files/makanan/no_img.jpg
GR071|https://www.panganku.org/assets/files/makanan/no_img.jpg
GR072|https://www.panganku.org/assets/files/makanan/no_img.jpg
GR073|https://www.panganku.org/assets/files/makanan/no_img.jpg
GR074|https://www.panganku.org/assets/files/makanan/no_img.jpg
GR075|https://www.panganku.org/assets/files/makanan/no_img.jpg
GR076|https://www.panganku.org/assets/files/makanan/no_img.jpg
GR077|https://www.panganku.org/assets/files/makanan/no_img.jpg
GR078|https://www.panganku.org/assets/files/makanan/no_img.jpg
GR079|https://www.panganku.org/assets/files/makanan/no_img.jpg
GR080|https://www.panganku.org/assets/files/makanan/no_img.jpg
GR081|https://www.panganku.org/assets/files/makanan/no_img.jpg
GR082|https://www.panganku.org/assets/files/makanan/no_img.jpg
GR083|https://www.panganku.org/assets/files/makanan/no_img.jpg
GR084|https://www.panganku.org/assets/files/makanan/no_img.jpg
HP001|https://www.panganku.org/assets/files/makanan/no_img.jpg
HP002|https://www.panganku.org/assets/files/makanan/no_img.jpg
HP003|https://www.panganku.org/assets/files/makanan/no_img.jpg
HP004|https://www.panganku.org/assets/files/makanan/no_img.jpg
HP005|https://www.panganku.org/assets/files/makanan/no_img.jpg
HP006|https://www.panganku.org/assets/files/makanan/no_img.jpg
HP007|https://www.panganku.org/assets/files/makanan/no_img.jpg
HR001|https://www.panganku.org/assets/files/makanan/no_img.jpg
HR002|https://www.panganku.org/assets/files/makanan/no_img.jpg
HR003|https://www.panganku.org/assets/files/makanan/no_img.jpg
HR004|https://www.panganku.org/assets/files/makanan/no_img.jpg
HR005|https://www.panganku.org/assets/files/makanan/no_img.jpg
HR006|https://www.panganku.org/assets/files/makanan/no_img.jpg
HR007|https://www.panganku.org/assets/files/makanan/no_img.jpg
HR008|https://www.panganku.org/assets/files/makanan/no_img.jpg
HR009|https://www.panganku.org/assets/files/makanan/no_img.jpg
HR010|https://www.panganku.org/assets/files/makanan/no_img.jpg
HR011|https://www.panganku.org/assets/files/makanan/no_img.jpg
JP001|https://www.panganku.org/assets/files/makanan/no_img.jpg
JP002|https://www.panganku.org/assets/files/makanan/no_img.jpg
JP003|https://www.panganku.org/assets/files/makanan/no_img.jpg
JP004|https://www.panganku.org/assets/files/makanan/no_img.jpg
JP005|https://www.panganku.org/assets/files/makanan/no_img.jpg
JP006|https://www.panganku.org/assets/files/makanan/no_img.jpg
JP007|https://www.panganku.org/assets/files/makanan/no_img.jpg
JP008|https://www.panganku.org/assets/files/makanan/no_img.jpg
JP009|https://www.panganku.org/assets/files/makanan/no_img.jpg
JP010|https://www.panganku.org/assets/files/makanan/no_img.jpg
JP011|https://www.panganku.org/assets/files/makanan/no_img.jpg
JR001|https://www.panganku.org/assets/files/makanan/no_img.jpg
JR002|https://www.panganku.org/assets/files/makanan/no_img.jpg
JR003|https://www.panganku.org/assets/files/makanan/no_img.jpg
JR004|https://www.panganku.org/assets/files/makanan/no_img.jpg
JR005|https://www.panganku.org/assets/files/makanan/no_img.jpg
JR006|https://www.panganku.org/assets/files/makanan/no_img.jpg
KP001|https://www.panganku.org/assets/files/makanan/no_img.jpg
KP002|https://www.panganku.org/assets/files/makanan/no_img.jpg
KP003|https://www.panganku.org/assets/files/makanan/no_img.jpg
KP004|https://www.panganku.org/assets/files/makanan/no_img.jpg
KR001|https://www.panganku.org/assets/files/makanan/no_img.jpg
KR002|https://www.panganku.org/assets/files/makanan/no_img.jpg
KR003|https://www.panganku.org/assets/files/makanan/no_img.jpg
KR004|https://www.panganku.org/assets/files/makanan/no_img.jpg
KR005|https://www.panganku.org/assets/files/makanan/no_img.jpg
KR006|https://www.panganku.org/assets/files/makanan/no_img.jpg
KR007|https://www.panganku.org/assets/files/makanan/no_img.jpg
KR008|https://www.panganku.org/assets/files/makanan/no_img.jpg
KR009|https://www.panganku.org/assets/files/makanan/no_img.jpg
KR010|https://www.panganku.org/assets/files/makanan/no_img.jpg
KR011|https://www.panganku.org/assets/files/makanan/no_img.jpg
KR012|https://www.panganku.org/assets/files/makanan/no_img.jpg
KR013|https://www.panganku.org/assets/files/makanan/no_img.jpg
KR014|https://www.panganku.org/assets/files/makanan/no_img.jpg
MP001|https://www.panganku.org/assets/files/makanan/no_img.jpg
MP002|https://www.panganku.org/assets/files/makanan/no_img.jpg
MP003|https://www.panganku.org/assets/files/makanan/no_img.jpg
MP004|https://www.panganku.org/assets/files/makanan/no_img.jpg
MP005|https://www.panganku.org/assets/files/makanan/no_img.jpg
MP006|https://www.panganku.org/assets/files/makanan/no_img.jpg
MP007|https://www.panganku.org/assets/files/makanan/no_img.jpg
MP008|https://www.panganku.org/assets/files/makanan/no_img.jpg
MP009|https://www.panganku.org/assets/files/makanan/no_img.jpg
MP010|https://www.panganku.org/assets/files/makanan/no_img.jpg
MP011|https://www.panganku.org/assets/files/makanan/no_img.jpg
MP012|https://www.panganku.org/assets/files/makanan/no_img.jpg
MP013|https://www.panganku.org/assets/files/makanan/no_img.jpg
MP014|https://www.panganku.org/assets/files/makanan/no_img.jpg
MP015|https://www.panganku.org/assets/files/makanan/no_img.jpg
MP016|https://www.panganku.org/assets/files/makanan/no_img.jpg
MP017|https://www.panganku.org/assets/files/makanan/no_img.jpg
MP018|https://www.panganku.org/assets/files/makanan/no_img.jpg
NP001|https://www.panganku.org/assets/files/makanan/no_img.jpg
NP002|https://www.panganku.org/assets/files/makanan/no_img.jpg
NP003|https://www.panganku.org/assets/files/makanan/no_img.jpg
NP004|https://www.panganku.org/assets/files/makanan/no_img.jpg
NP005|https://www.panganku.org/assets/files/makanan/no_img.jpg
NP006|https://www.panganku.org/assets/files/makanan/no_img.jpg
NP007|https://www.panganku.org/assets/files/makanan/no_img.jpg
NP008|https://www.panganku.org/assets/files/makanan/no_img.jpg
NP009|https://www.panganku.org/assets/files/makanan/no_img.jpg
NP010|https://www.panganku.org/assets/files/makanan/no_img.jpg
NP011|https://www.panganku.org/assets/files/makanan/no_img.jpg
NP012|https://www.panganku.org/assets/files/makanan/no_img.jpg
NP013|https://www.panganku.org/assets/files/makanan/no_img.jpg
NR001|https://www.panganku.org/assets/files/makanan/no_img.jpg
NR002|https://www.panganku.org/assets/files/makanan/no_img.jpg
NR003|https://www.panganku.org/assets/files/makanan/no_img.jpg
NR004|https://www.panganku.org/assets/files/makanan/no_img.jpg
NR005|https://www.panganku.org/assets/files/makanan/no_img.jpg
NR006|https://www.panganku.org/assets/files/makanan/no_img.jpg
NR007|https://www.panganku.org/assets/files/makanan/no_img.jpg
NR008|https://www.panganku.org/assets/files/makanan/no_img.jpg
NR009|https://www.panganku.org/assets/files/makanan/no_img.jpg
NR010|https://www.panganku.org/assets/files/makanan/no_img.jpg
NR011|https://www.panganku.org/assets/files/makanan/no_img.jpg
NR012|https://www.panganku.org/assets/files/makanan/no_img.jpg
NR013|https://www.panganku.org/assets/files/makanan/no_img.jpg
NR014|https://www.panganku.org/assets/files/makanan/no_img.jpg
NR015|https://www.panganku.org/assets/files/makanan/no_img.jpg
NR016|https://www.panganku.org/assets/files/makanan/no_img.jpg
NR017|https://www.panganku.org/assets/files/makanan/no_img.jpg
NR018|https://www.panganku.org/assets/files/makanan/no_img.jpg
NR019|https://www.panganku.org/assets/files/makanan/no_img.jpg
NR020|https://www.panganku.org/assets/files/makanan/no_img.jpg
NR021|https://www.panganku.org/assets/files/makanan/no_img.jpg
NR022|https://www.panganku.org/assets/files/makanan/no_img.jpg
NR023|https://www.panganku.org/assets/files/makanan/no_img.jpg
NR024|https://www.panganku.org/assets/files/makanan/no_img.jpg
PR001|https://www.panganku.org/assets/files/makanan/no_img.jpg
